-- MySQL dump 10.13  Distrib 5.7.24, for Win32 (AMD64)
--
-- Host: localhost    Database: mahisfashionnewdb
-- ------------------------------------------------------
-- Server version	5.7.24

/*!40101 SET @OLD_CHARACTER_SET_CLIENT=@@CHARACTER_SET_CLIENT */;
/*!40101 SET @OLD_CHARACTER_SET_RESULTS=@@CHARACTER_SET_RESULTS */;
/*!40101 SET @OLD_COLLATION_CONNECTION=@@COLLATION_CONNECTION */;
/*!40101 SET NAMES utf8 */;
/*!40103 SET @OLD_TIME_ZONE=@@TIME_ZONE */;
/*!40103 SET TIME_ZONE='+00:00' */;
/*!40014 SET @OLD_UNIQUE_CHECKS=@@UNIQUE_CHECKS, UNIQUE_CHECKS=0 */;
/*!40014 SET @OLD_FOREIGN_KEY_CHECKS=@@FOREIGN_KEY_CHECKS, FOREIGN_KEY_CHECKS=0 */;
/*!40101 SET @OLD_SQL_MODE=@@SQL_MODE, SQL_MODE='NO_AUTO_VALUE_ON_ZERO' */;
/*!40111 SET @OLD_SQL_NOTES=@@SQL_NOTES, SQL_NOTES=0 */;

--
-- Table structure for table `customer`
--

DROP TABLE IF EXISTS `customer`;
/*!40101 SET @saved_cs_client     = @@character_set_client */;
/*!40101 SET character_set_client = utf8 */;
CREATE TABLE `customer` (
  `id` int(11) NOT NULL AUTO_INCREMENT,
  `firstName` varchar(50) NOT NULL,
  `lastName` varchar(50) NOT NULL,
  `phone` varchar(20) NOT NULL,
  `email` varchar(100) DEFAULT NULL,
  `city` varchar(50) DEFAULT NULL,
  `state` varchar(50) DEFAULT NULL,
  `country` varchar(50) DEFAULT NULL,
  `addressLine1` varchar(250) DEFAULT NULL,
  `addressLine2` varchar(250) DEFAULT NULL,
  `postalCode` varchar(10) DEFAULT NULL,
  PRIMARY KEY (`id`),
  UNIQUE KEY `firstLastPhone` (`firstName`,`lastName`,`phone`) USING BTREE
) ENGINE=InnoDB AUTO_INCREMENT=27 DEFAULT CHARSET=utf8;
/*!40101 SET character_set_client = @saved_cs_client */;

--
-- Dumping data for table `customer`
--

LOCK TABLES `customer` WRITE;
/*!40000 ALTER TABLE `customer` DISABLE KEYS */;
INSERT  IGNORE INTO `customer` VALUES (1,'Sheetal','Shastri','09789092976','sheetalshastri10@gmail.com','Chennai','TN','India','271 casa grand pavilion','Villa 271','600073'),(2,'Nelson','Sir','8464887091','Nelson.Sir@dummyemail.com','Hyderabad','TS','India',NULL,NULL,NULL),(3,'Shivrama','Krishna','99999999','Shivrama.Krishna@dummyemail.com','Hyderabad','TS','India',NULL,NULL,NULL),(4,'Rajesh','Ji','934877370','Rajesh.Ji@dummyemail.com','Hyderabad','TS','India',NULL,NULL,NULL),(5,'Arthi','Sharma','9000375223','Arthi.Sharma@dummyemail.com','Hyderabad','TS','India',NULL,NULL,NULL),(6,'Dhwani','KaranSis','8106131623','Dhwani.KaranSis@dummyemail.com','Hyderabad','TS','India',NULL,NULL,NULL),(7,'Prakash','Bhai','9999999999','Prakash.Bhai@dummyemail.com','Hyderabad',NULL,'India',NULL,NULL,NULL),(8,'Gouri','Sharma','9999999','Gouri.Sharma@dummyemail.com',NULL,NULL,'India',NULL,NULL,NULL),(9,'Rekha','Aunty','9441158694','Rekha.Aunty@dummyemail.com',NULL,NULL,'India',NULL,NULL,NULL),(10,'Pooja','Sharma','9676447623','Pooja.S@dummyemail.com','Hyderabad',NULL,'India',NULL,NULL,NULL),(11,'Madhavi','Sharma','8008330384','madhaviguddi@gmail.com','Hyderabad',NULL,'India',NULL,NULL,NULL),(12,'Raj','Kumare','7842568460','Raj.Kumare@dummyemail.com','Hyderabad',NULL,'India',NULL,NULL,NULL),(13,'Divya','sharma','9440623219','Divya.s@dummyemail.com',NULL,NULL,'India',NULL,NULL,NULL),(14,'Shruti','madhavifriend','9343865140','Shruti.madhavifriend@dummyemail.com',NULL,NULL,'India',NULL,NULL,NULL),(15,'Meenu','madhavifriend','8770300591','Meenu.madhavifriend@dummyemail.com',NULL,NULL,'India',NULL,NULL,NULL),(16,'goldy','vinita','999999','goldy.vinita@dummyemail.com',NULL,NULL,'India',NULL,NULL,NULL),(17,'Bhawana','Sharma','9593463292','Bhawana.S@dummyemail.com',NULL,NULL,'India',NULL,NULL,NULL),(18,'Neera','Sharma','9999999','Neera.S@dummyemail.com',NULL,NULL,'India',NULL,NULL,NULL),(19,'Nanda','LawyerMam','999999999','Nanda.LawyerMam@dummyemail.com',NULL,NULL,'India',NULL,NULL,NULL),(20,'Lakshmanan','SS','6301556017','Lakshmanan.S@dummyemail.com','Hyderabad',NULL,'India',NULL,NULL,NULL),(21,'Sushma','Sharma','9999999999','Sushma.Sharma@dummyemail.com',NULL,NULL,'India',NULL,NULL,NULL),(22,'Manju','s','9000079657','Manju.s@dummyemail.com',NULL,NULL,'India',NULL,NULL,NULL),(23,'Jyothi','Jain','8630113957','Jyothi.Jain@dummyemail.com',NULL,NULL,'India',NULL,NULL,NULL),(24,'Manju','Goyal','7780596746','Manju.Goyal@dummyemail.com',NULL,NULL,'India',NULL,NULL,NULL),(26,'Usha','Rani','99999999','usha.rani@gmail.com',NULL,NULL,'India',NULL,NULL,NULL);
/*!40000 ALTER TABLE `customer` ENABLE KEYS */;
UNLOCK TABLES;

--
-- Table structure for table `dealer`
--

DROP TABLE IF EXISTS `dealer`;
/*!40101 SET @saved_cs_client     = @@character_set_client */;
/*!40101 SET character_set_client = utf8 */;
CREATE TABLE `dealer` (
  `id` int(11) NOT NULL AUTO_INCREMENT,
  `name` varchar(250) NOT NULL,
  `phone` varchar(20) NOT NULL,
  `city` varchar(50) NOT NULL,
  `state` varchar(50) NOT NULL,
  `country` varchar(50) NOT NULL,
  `addressLine1` varchar(250) DEFAULT NULL,
  `addressLine2` varchar(250) DEFAULT NULL,
  `postalCode` varchar(10) DEFAULT NULL,
  PRIMARY KEY (`id`),
  UNIQUE KEY `name` (`name`,`city`,`phone`) USING BTREE
) ENGINE=InnoDB AUTO_INCREMENT=3 DEFAULT CHARSET=utf8;
/*!40101 SET character_set_client = @saved_cs_client */;

--
-- Dumping data for table `dealer`
--

LOCK TABLES `dealer` WRITE;
/*!40000 ALTER TABLE `dealer` DISABLE KEYS */;
INSERT  IGNORE INTO `dealer` VALUES (2,'Rajesh','98989898','jjjj','jjjj','jjjj','jjjj','jjjj','jjjj');
/*!40000 ALTER TABLE `dealer` ENABLE KEYS */;
UNLOCK TABLES;

--
-- Table structure for table `orderdetails`
--

DROP TABLE IF EXISTS `orderdetails`;
/*!40101 SET @saved_cs_client     = @@character_set_client */;
/*!40101 SET character_set_client = utf8 */;
CREATE TABLE `orderdetails` (
  `orderId` int(11) NOT NULL,
  `sku` varchar(20) NOT NULL,
  `itemQty` int(11) NOT NULL,
  `salePrice` float DEFAULT NULL,
  `regularPrice` float NOT NULL,
  `onSale` varchar(5) NOT NULL,
  `itemTotal` float NOT NULL,
  `refundItem` varchar(5) DEFAULT NULL,
  `refundAllowed` varchar(3) DEFAULT NULL,
  `parentOrderId` int(11) DEFAULT NULL,
  PRIMARY KEY (`orderId`,`sku`)
) ENGINE=InnoDB DEFAULT CHARSET=utf8;
/*!40101 SET character_set_client = @saved_cs_client */;

--
-- Dumping data for table `orderdetails`
--

LOCK TABLES `orderdetails` WRITE;
/*!40000 ALTER TABLE `orderdetails` DISABLE KEYS */;
INSERT  IGNORE INTO `orderdetails` VALUES (22,'KUA010021',1,NULL,860,'FALSE',860,NULL,NULL,NULL),(22,'KUA010027',1,NULL,460,'FALSE',460,NULL,NULL,NULL),(28,'KUA010022',1,NULL,1220,'FALSE',1220,NULL,NULL,NULL),(28,'KUA010028',1,NULL,850,'FALSE',850,NULL,NULL,NULL),(42,'KUA010024',1,0,990,'FALSE',990,NULL,NULL,NULL),(50,'KUA010043',1,0,1860,'FALSE',1860,NULL,NULL,NULL),(68,'KUA010043',0,0,1860,'FALSE',200,'TRUE',NULL,50),(74,'KUA010043',0,0,1860,'FALSE',200,'TRUE',NULL,50),(77,'KUA010043',1,0,1860,'FALSE',1460,'TRUE',NULL,50),(86,'KUA010027',1,0,460,'FALSE',460,'TRUE',NULL,22);
/*!40000 ALTER TABLE `orderdetails` ENABLE KEYS */;
UNLOCK TABLES;

--
-- Table structure for table `orderdiscountfeedetails`
--

DROP TABLE IF EXISTS `orderdiscountfeedetails`;
/*!40101 SET @saved_cs_client     = @@character_set_client */;
/*!40101 SET character_set_client = utf8 */;
CREATE TABLE `orderdiscountfeedetails` (
  `orderId` int(11) NOT NULL,
  `id` int(11) NOT NULL,
  `category` char(1) NOT NULL,
  `type` varchar(10) NOT NULL,
  `value` float NOT NULL,
  `amount` float NOT NULL,
  PRIMARY KEY (`orderId`,`id`)
) ENGINE=InnoDB DEFAULT CHARSET=utf8;
/*!40101 SET character_set_client = @saved_cs_client */;

--
-- Dumping data for table `orderdiscountfeedetails`
--

LOCK TABLES `orderdiscountfeedetails` WRITE;
/*!40000 ALTER TABLE `orderdiscountfeedetails` DISABLE KEYS */;
INSERT  IGNORE INTO `orderdiscountfeedetails` VALUES (22,1,'D','pct',10,132),(22,2,'F','pct',2,24),(22,3,'D','flat',10,10),(22,4,'F','flat',5,5),(28,1,'D','pct',10,207),(28,2,'F','flat',50,50),(42,1,'D','pct',10,99),(73,1,'D','pct',10,194),(73,2,'D','flat',46,46),(73,3,'F','flat',30,30);
/*!40000 ALTER TABLE `orderdiscountfeedetails` ENABLE KEYS */;
UNLOCK TABLES;

--
-- Table structure for table `orderpaymentdetails`
--

DROP TABLE IF EXISTS `orderpaymentdetails`;
/*!40101 SET @saved_cs_client     = @@character_set_client */;
/*!40101 SET character_set_client = utf8 */;
CREATE TABLE `orderpaymentdetails` (
  `orderId` int(11) NOT NULL,
  `id` int(11) NOT NULL,
  `mode` char(2) NOT NULL,
  `modeType` char(2) NOT NULL,
  `modeTypeId` varchar(20) DEFAULT NULL,
  `txnRefNo` varchar(20) DEFAULT NULL,
  `amount` float NOT NULL,
  PRIMARY KEY (`orderId`,`id`)
) ENGINE=InnoDB DEFAULT CHARSET=utf8;
/*!40101 SET character_set_client = @saved_cs_client */;

--
-- Dumping data for table `orderpaymentdetails`
--

LOCK TABLES `orderpaymentdetails` WRITE;
/*!40000 ALTER TABLE `orderpaymentdetails` DISABLE KEYS */;
INSERT  IGNORE INTO `orderpaymentdetails` VALUES (22,1,'CC','VC','1234','4567',900),(22,2,'EP','GP','123','5566',307),(28,1,'CS','CS','Cash','Cash',500),(28,2,'CC','VC','2233','5566',1000),(28,3,'EP','GP','123','123',413),(42,1,'EP','AP','12345','12345',891),(50,1,'CS','CS','Cash','Cash',1860),(73,1,'CS','CS','Cash','Cash',1730);
/*!40000 ALTER TABLE `orderpaymentdetails` ENABLE KEYS */;
UNLOCK TABLES;

--
-- Table structure for table `ordershippingdetails`
--

DROP TABLE IF EXISTS `ordershippingdetails`;
/*!40101 SET @saved_cs_client     = @@character_set_client */;
/*!40101 SET character_set_client = utf8 */;
CREATE TABLE `ordershippingdetails` (
  `orderId` int(11) NOT NULL,
  `shippingId` int(11) NOT NULL,
  `customerId` int(11) DEFAULT NULL,
  `shipToName` varchar(100) NOT NULL,
  `addressLine1` varchar(100) NOT NULL,
  `addressLine2` varchar(100) DEFAULT NULL,
  `city` varchar(50) NOT NULL,
  `state` varchar(50) NOT NULL,
  `country` char(2) NOT NULL,
  `postalCode` varchar(10) DEFAULT NULL,
  PRIMARY KEY (`shippingId`,`orderId`)
) ENGINE=InnoDB DEFAULT CHARSET=utf8;
/*!40101 SET character_set_client = @saved_cs_client */;

--
-- Dumping data for table `ordershippingdetails`
--

LOCK TABLES `ordershippingdetails` WRITE;
/*!40000 ALTER TABLE `ordershippingdetails` DISABLE KEYS */;
/*!40000 ALTER TABLE `ordershippingdetails` ENABLE KEYS */;
UNLOCK TABLES;

--
-- Table structure for table `ordersummary`
--

DROP TABLE IF EXISTS `ordersummary`;
/*!40101 SET @saved_cs_client     = @@character_set_client */;
/*!40101 SET character_set_client = utf8 */;
CREATE TABLE `ordersummary` (
  `id` int(11) NOT NULL AUTO_INCREMENT,
  `orderDateTime` datetime NOT NULL,
  `customerId` int(11) DEFAULT NULL,
  `grossAmt` float NOT NULL,
  `discountAmt` float NOT NULL,
  `feeAmt` float NOT NULL,
  `taxAmt` float NOT NULL,
  `netAmt` float NOT NULL,
  `paidAmt` float NOT NULL,
  `balanceAmt` float NOT NULL,
  `paymentMode` varchar(20) NOT NULL,
  `status` varchar(20) NOT NULL,
  `totalItems` int(11) NOT NULL,
  `parentOrderId` int(11) DEFAULT NULL,
  `amtRefunded` float NOT NULL DEFAULT '0',
  PRIMARY KEY (`id`)
) ENGINE=InnoDB AUTO_INCREMENT=87 DEFAULT CHARSET=utf8;
/*!40101 SET character_set_client = @saved_cs_client */;

--
-- Dumping data for table `ordersummary`
--

LOCK TABLES `ordersummary` WRITE;
/*!40000 ALTER TABLE `ordersummary` DISABLE KEYS */;
INSERT  IGNORE INTO `ordersummary` VALUES (22,'2021-01-12 23:46:43',NULL,1320,142,29,0,1207,1207,0,'mixedPay','Refund',2,NULL,460),(28,'2021-01-14 13:23:23',NULL,2070,207,50,0,1913,1913,0,'mixedPay','completed',2,NULL,0),(42,'2021-02-08 14:18:41',NULL,990,99,0,0,891,891,0,'ePay','completed',1,NULL,0),(50,'2021-02-08 17:48:19',NULL,1860,0,0,0,1860,1860,0,'cash','Refund',1,NULL,1860),(68,'2021-02-21 18:18:39',NULL,200,0,0,0,200,0,0,'Refund','Refund',0,50,0),(74,'2021-02-25 12:56:22',NULL,200,0,0,0,200,0,0,'Refund','Refund',0,50,0),(77,'2021-02-25 14:06:12',NULL,1460,0,0,0,1460,0,0,'Refund','Refund',1,50,0),(86,'2021-03-03 17:33:14',NULL,460,0,0,0,460,0,0,'Refund','Refund',1,22,0);
/*!40000 ALTER TABLE `ordersummary` ENABLE KEYS */;
UNLOCK TABLES;

--
-- Table structure for table `ordertaxdetails`
--

DROP TABLE IF EXISTS `ordertaxdetails`;
/*!40101 SET @saved_cs_client     = @@character_set_client */;
/*!40101 SET character_set_client = utf8 */;
CREATE TABLE `ordertaxdetails` (
  `orderId` int(11) NOT NULL,
  `taxId` int(11) NOT NULL,
  `taxName` varchar(50) NOT NULL,
  `taxType` char(2) NOT NULL,
  `taxTypeVal` float NOT NULL,
  `taxAmt` float NOT NULL,
  PRIMARY KEY (`taxId`,`orderId`)
) ENGINE=InnoDB DEFAULT CHARSET=utf8;
/*!40101 SET character_set_client = @saved_cs_client */;

--
-- Dumping data for table `ordertaxdetails`
--

LOCK TABLES `ordertaxdetails` WRITE;
/*!40000 ALTER TABLE `ordertaxdetails` DISABLE KEYS */;
/*!40000 ALTER TABLE `ordertaxdetails` ENABLE KEYS */;
UNLOCK TABLES;

--
-- Table structure for table `product`
--

DROP TABLE IF EXISTS `product`;
/*!40101 SET @saved_cs_client     = @@character_set_client */;
/*!40101 SET character_set_client = utf8 */;
CREATE TABLE `product` (
  `sku` varchar(20) NOT NULL,
  `title` varchar(100) NOT NULL,
  `description` varchar(250) DEFAULT NULL,
  `size` varchar(10) DEFAULT NULL,
  `dimensions` varchar(50) DEFAULT NULL,
  `salePrice` float DEFAULT NULL,
  `regularPrice` float NOT NULL,
  `costPrice` float NOT NULL,
  `category` varchar(30) NOT NULL,
  `stockQty` int(11) NOT NULL,
  `dealerBillId` int(11) DEFAULT NULL,
  `tags` varchar(200) DEFAULT NULL,
  `imageCount` smallint(6) NOT NULL,
  `onSale` varchar(5) DEFAULT 'false',
  `manageStock` varchar(5) DEFAULT 'true',
  `allowRefund` varchar(3) NOT NULL DEFAULT 'Yes',
  PRIMARY KEY (`sku`)
) ENGINE=InnoDB DEFAULT CHARSET=utf8;
/*!40101 SET character_set_client = @saved_cs_client */;

--
-- Dumping data for table `product`
--

LOCK TABLES `product` WRITE;
/*!40000 ALTER TABLE `product` DISABLE KEYS */;
INSERT  IGNORE INTO `product` VALUES ('KUA010015','Kurti',NULL,NULL,NULL,NULL,1260,628,'Kurti',1,1,NULL,1,'FALSE','TRUE','Yes'),('KUA010016','Kurti',NULL,NULL,NULL,NULL,780,390,'Kurti',1,1,NULL,1,'FALSE','TRUE','Yes'),('KUA010017','Kurti',NULL,NULL,NULL,NULL,990,495,'Kurti',1,1,NULL,1,'FALSE','TRUE','Yes'),('KUA010018','Kurti',NULL,NULL,NULL,NULL,760,382,'Kurti',1,1,NULL,1,'FALSE','TRUE','Yes'),('KUA010019','Kurti',NULL,NULL,NULL,NULL,970,485,'Kurti',0,1,NULL,1,'FALSE','TRUE','Yes'),('KUA010020','Kurti',NULL,NULL,NULL,NULL,970,485,'Kurti',1,1,NULL,1,'FALSE','TRUE','Yes'),('KUA010021','Kurti',NULL,NULL,NULL,NULL,860,432,'Kurti',1,1,NULL,1,'FALSE','TRUE','Yes'),('KUA010022','Kurti',NULL,NULL,NULL,NULL,1220,612,'Kurti',0,1,NULL,1,'FALSE','TRUE','Yes'),('KUA010023','Kurti',NULL,NULL,NULL,NULL,1390,695,'Kurti',1,1,NULL,1,'FALSE','TRUE','Yes'),('KUA010024','Kurti',NULL,NULL,NULL,NULL,990,495,'Kurti',0,1,NULL,1,'FALSE','TRUE','Yes'),('KUA010025','Kurti',NULL,NULL,NULL,NULL,1140,568,'Kurti',1,1,NULL,1,'FALSE','TRUE','Yes'),('KUA010026','Kurti',NULL,NULL,NULL,NULL,970,485,'Kurti',0,1,NULL,1,'FALSE','TRUE','Yes'),('KUA010027','Kurti',NULL,NULL,NULL,NULL,460,230,'Kurti',1,1,NULL,1,'FALSE','TRUE','Yes'),('KUA010028','Kurti',NULL,NULL,NULL,NULL,850,425,'Kurti',0,1,NULL,1,'FALSE','TRUE','Yes'),('KUA010029','Kurti',NULL,NULL,NULL,NULL,1300,652,'Kurti',1,1,NULL,1,'FALSE','TRUE','Yes'),('KUA010030','Kurti',NULL,NULL,NULL,NULL,1250,625,'Kurti',1,1,NULL,1,'FALSE','TRUE','Yes'),('KUA010031','Kurti',NULL,NULL,NULL,NULL,990,495,'Kurti',1,1,NULL,1,'FALSE','TRUE','Yes'),('KUA010032','Kurti',NULL,NULL,NULL,NULL,1290,645,'Kurti',1,1,NULL,1,'FALSE','TRUE','Yes'),('KUA010033','Kurti',NULL,NULL,NULL,NULL,1300,650,'Kurti',1,1,NULL,1,'FALSE','TRUE','Yes'),('KUA010034','Kurti',NULL,NULL,NULL,NULL,1190,595,'Kurti',1,1,NULL,1,'FALSE','TRUE','Yes'),('KUA010035','Kurti',NULL,NULL,NULL,NULL,820,410,'Kurti',1,1,NULL,1,'FALSE','TRUE','Yes'),('KUA010036','Kurti',NULL,NULL,NULL,NULL,1130,565,'Kurti',1,1,NULL,1,'FALSE','TRUE','Yes'),('KUA010037','Kurti',NULL,NULL,NULL,NULL,1120,560,'Kurti',1,1,NULL,1,'FALSE','TRUE','Yes'),('KUA010038','Kurti',NULL,NULL,NULL,NULL,1190,595,'Kurti',1,1,NULL,1,'FALSE','TRUE','Yes'),('KUA010039','Kurti',NULL,NULL,NULL,NULL,1260,632,'Kurti',1,1,NULL,1,'FALSE','TRUE','Yes'),('KUA010040','Kurti',NULL,NULL,NULL,NULL,1190,595,'Kurti',1,1,NULL,1,'FALSE','TRUE','Yes'),('KUA010041','Kurti',NULL,NULL,NULL,NULL,500,250,'Kurti',1,1,NULL,1,'FALSE','TRUE','Yes'),('KUA010042','Kurti',NULL,NULL,NULL,NULL,780,390,'Kurti',1,1,NULL,1,'FALSE','TRUE','Yes'),('KUA010043','Kurti',NULL,NULL,NULL,NULL,1860,928,'Kurti',1,1,NULL,1,'FALSE','TRUE','Yes'),('KUA010044','Kurti',NULL,NULL,NULL,NULL,1460,728,'Kurti',1,1,NULL,1,'FALSE','TRUE','Yes'),('KUA010045','Kurti',NULL,NULL,NULL,NULL,1390,695,'Kurti',1,1,NULL,1,'FALSE','TRUE','Yes'),('KUA010046','Kurti',NULL,NULL,NULL,NULL,1390,695,'Kurti',1,1,NULL,1,'FALSE','TRUE','Yes'),('KUA010047','Kurti',NULL,NULL,NULL,NULL,1390,695,'Kurti',1,1,NULL,1,'FALSE','TRUE','Yes'),('KUA010048','Kurti',NULL,NULL,NULL,NULL,1790,895,'Kurti',1,1,NULL,1,'FALSE','TRUE','Yes'),('KUA010049','Kurti',NULL,NULL,NULL,NULL,620,310,'Kurti',1,1,NULL,1,'FALSE','TRUE','Yes'),('KUA010050','Kurti',NULL,NULL,NULL,NULL,1500,750,'Kurti',1,1,NULL,1,'FALSE','TRUE','Yes'),('KUA010051','Kurti',NULL,NULL,NULL,NULL,1190,595,'Kurti',1,1,NULL,1,'FALSE','TRUE','Yes'),('KUA010052','Kurti',NULL,NULL,NULL,NULL,1480,738,'Kurti',1,1,NULL,1,'FALSE','TRUE','Yes'),('KUA010053','Kurti',NULL,NULL,NULL,NULL,1390,695,'Kurti',1,1,NULL,1,'FALSE','TRUE','Yes'),('KUA010054','Kurti',NULL,NULL,NULL,NULL,1160,582,'Kurti',1,1,NULL,1,'FALSE','TRUE','Yes'),('KUA010055','Kurti',NULL,NULL,NULL,NULL,1590,795,'Kurti',1,1,NULL,1,'FALSE','TRUE','Yes'),('KUA010056','Kurti',NULL,NULL,NULL,NULL,1190,595,'Kurti',1,1,NULL,1,'FALSE','TRUE','Yes'),('KUA010057','Kurti',NULL,NULL,NULL,NULL,1190,595,'Kurti',1,1,NULL,1,'FALSE','TRUE','Yes'),('KUA010058','Kurti',NULL,NULL,NULL,NULL,1480,738,'Kurti',1,1,NULL,1,'FALSE','TRUE','Yes'),('KUA010059','Kurti',NULL,NULL,NULL,NULL,1650,825,'Kurti',1,1,NULL,1,'FALSE','TRUE','Yes'),('KUA010060','Kurti',NULL,NULL,NULL,NULL,1260,632,'Kurti',1,1,NULL,1,'FALSE','TRUE','Yes'),('KUA010061','Kurti',NULL,NULL,NULL,NULL,1160,582,'Kurti',1,1,NULL,1,'FALSE','TRUE','Yes'),('KUA010062','Kurti',NULL,NULL,NULL,NULL,1070,535,'Kurti',1,1,NULL,1,'FALSE','TRUE','Yes'),('KUA010063','Kurti',NULL,NULL,NULL,NULL,1100,550,'Kurti',1,1,NULL,1,'FALSE','TRUE','Yes'),('KUA010064','Kurti',NULL,NULL,NULL,NULL,700,350,'Kurti',1,1,NULL,1,'FALSE','TRUE','Yes'),('KUA010065','Kurti',NULL,NULL,NULL,NULL,880,438,'Kurti',1,1,NULL,1,'FALSE','TRUE','Yes'),('KUA010066','Kurti',NULL,NULL,NULL,NULL,1080,538,'Kurti',1,1,NULL,1,'FALSE','TRUE','Yes'),('KUA010067','Kurti',NULL,NULL,NULL,NULL,1630,816,'Kurti',1,1,NULL,1,'FALSE','TRUE','Yes'),('KUA010068','Kurti',NULL,NULL,NULL,NULL,1100,550,'Kurti',1,1,NULL,1,'FALSE','TRUE','Yes'),('KUA010069','Kurti',NULL,NULL,NULL,NULL,1190,595,'Kurti',1,1,NULL,1,'FALSE','TRUE','Yes'),('KUA010070','Kurti',NULL,NULL,NULL,NULL,1590,795,'Kurti',1,1,NULL,1,'FALSE','TRUE','Yes'),('KUA010071','Kurti',NULL,NULL,NULL,NULL,1730,865,'Kurti',1,1,NULL,1,'FALSE','TRUE','Yes'),('KUA010072','Kurti',NULL,NULL,NULL,NULL,990,495,'Kurti',1,1,NULL,1,'FALSE','TRUE','Yes'),('KUA010073','Kurti',NULL,NULL,NULL,NULL,1100,550,'Kurti',1,1,NULL,1,'FALSE','TRUE','Yes'),('KUA010074','Kurti',NULL,NULL,NULL,NULL,1370,686,'Kurti',1,1,NULL,1,'FALSE','TRUE','Yes'),('KUA010075','Kurti',NULL,NULL,NULL,NULL,990,495,'Kurti',1,1,NULL,1,'FALSE','TRUE','Yes'),('KUA010076','Kurti',NULL,NULL,NULL,NULL,1730,865,'Kurti',1,1,NULL,1,'FALSE','TRUE','Yes'),('KUA010077','Kurti',NULL,NULL,NULL,NULL,1060,532,'Kurti',1,1,NULL,1,'FALSE','TRUE','Yes'),('KUA010078','Kurti',NULL,NULL,NULL,NULL,780,390,'Kurti',1,1,NULL,1,'FALSE','TRUE','Yes'),('KUA010079','Kurti',NULL,NULL,NULL,NULL,1480,738,'Kurti',1,1,NULL,1,'FALSE','TRUE','Yes'),('KUA010080','Kurti',NULL,NULL,NULL,NULL,1480,738,'Kurti',1,1,NULL,1,'FALSE','TRUE','Yes'),('KUA010081','Kurti',NULL,NULL,NULL,NULL,760,382,'Kurti',1,1,NULL,1,'FALSE','TRUE','Yes'),('KUA010082','Kurti',NULL,NULL,NULL,NULL,760,382,'Kurti',1,1,NULL,1,'FALSE','TRUE','Yes'),('KUA010083','Kurti',NULL,NULL,NULL,NULL,860,432,'Kurti',1,1,NULL,1,'FALSE','TRUE','Yes'),('KUA010084','Kurti',NULL,NULL,NULL,NULL,1300,652,'Kurti',1,1,NULL,1,'FALSE','TRUE','Yes'),('KUA010085','Kurti',NULL,NULL,NULL,NULL,930,465,'Kurti',1,1,NULL,1,'FALSE','TRUE','Yes'),('KUA010086','Kurti',NULL,NULL,NULL,NULL,1220,612,'Kurti',1,1,NULL,1,'FALSE','TRUE','Yes'),('KUA010087','Kurti',NULL,NULL,NULL,NULL,930,465,'Kurti',1,1,NULL,1,'FALSE','TRUE','Yes'),('KUA010088','Kurti',NULL,NULL,NULL,NULL,930,465,'Kurti',1,1,NULL,1,'FALSE','TRUE','Yes'),('KUA010089','Kurti',NULL,NULL,NULL,NULL,930,465,'Kurti',1,1,NULL,1,'FALSE','TRUE','Yes'),('KUA010090','Kurti',NULL,NULL,NULL,NULL,930,465,'Kurti',1,1,NULL,1,'FALSE','TRUE','Yes'),('KUA010091','Kurti',NULL,NULL,NULL,NULL,760,382,'Kurti',1,1,NULL,1,'FALSE','TRUE','Yes'),('KUA010092','Kurti',NULL,NULL,NULL,NULL,860,432,'Kurti',1,1,NULL,1,'FALSE','TRUE','Yes'),('KUA010093','Kurti',NULL,NULL,NULL,NULL,930,465,'Kurti',1,1,NULL,1,'FALSE','TRUE','Yes'),('KUA010094','Kurti',NULL,NULL,NULL,NULL,1220,612,'Kurti',1,1,NULL,1,'FALSE','TRUE','Yes'),('KUA010095','Kurti',NULL,NULL,NULL,NULL,1300,652,'Kurti',1,1,NULL,1,'FALSE','TRUE','Yes'),('KUA010096','Kurti',NULL,NULL,NULL,NULL,930,465,'Kurti',1,1,NULL,1,'FALSE','TRUE','Yes'),('KUA010097','Kurti',NULL,NULL,NULL,NULL,1100,550,'Kurti',1,1,NULL,1,'FALSE','TRUE','Yes'),('KUA010098','Kurti',NULL,NULL,NULL,NULL,1100,550,'Kurti',1,1,NULL,1,'FALSE','TRUE','Yes'),('KUA010099','Kurti',NULL,NULL,NULL,NULL,1100,550,'Kurti',1,1,NULL,1,'FALSE','TRUE','Yes'),('KUA010100','Kurti',NULL,NULL,NULL,NULL,1100,550,'Kurti',1,1,NULL,1,'FALSE','TRUE','Yes'),('KUA010101','Kurti',NULL,NULL,NULL,NULL,1100,550,'Kurti',1,1,NULL,1,'FALSE','TRUE','Yes'),('KUA010102','Kurti',NULL,NULL,NULL,NULL,1100,550,'Kurti',1,1,NULL,1,'FALSE','TRUE','Yes'),('KUA010103','Kurti',NULL,NULL,NULL,NULL,1100,550,'Kurti',1,1,NULL,1,'FALSE','TRUE','Yes'),('KUA010104','Kurti',NULL,NULL,NULL,NULL,1100,550,'Kurti',1,1,NULL,1,'FALSE','TRUE','Yes'),('KUA010105','Kurti',NULL,NULL,NULL,NULL,1100,550,'Kurti',1,1,NULL,1,'FALSE','TRUE','Yes'),('KUA010106','Kurti',NULL,NULL,NULL,NULL,1100,550,'Kurti',1,1,NULL,1,'FALSE','TRUE','Yes'),('KUA010107','Kurti',NULL,NULL,NULL,NULL,1100,550,'Kurti',1,1,NULL,1,'FALSE','TRUE','Yes'),('KUA010108','Kurti',NULL,NULL,NULL,NULL,1100,550,'Kurti',1,1,NULL,1,'FALSE','TRUE','Yes'),('KUA010109','Kurti',NULL,NULL,NULL,NULL,1100,550,'Kurti',1,1,NULL,1,'FALSE','TRUE','Yes'),('KUA010110','Kurti',NULL,NULL,NULL,NULL,1100,550,'Kurti',1,1,NULL,1,'FALSE','TRUE','Yes'),('KUA010111','Kurti',NULL,NULL,NULL,NULL,1100,550,'Kurti',1,1,NULL,1,'FALSE','TRUE','Yes'),('KUA010112','Kurti',NULL,NULL,NULL,NULL,1100,550,'Kurti',1,1,NULL,1,'FALSE','TRUE','Yes'),('KUA010113','Kurti',NULL,NULL,NULL,NULL,1100,550,'Kurti',1,1,NULL,1,'FALSE','TRUE','Yes'),('KUA010114','Kurti',NULL,NULL,NULL,NULL,1100,550,'Kurti',1,1,NULL,1,'FALSE','TRUE','Yes'),('KUA010115','Kurti',NULL,NULL,NULL,NULL,1100,550,'Kurti',1,1,NULL,1,'FALSE','TRUE','Yes'),('KUA010116','Kurti',NULL,NULL,NULL,NULL,1100,550,'Kurti',1,1,NULL,1,'FALSE','TRUE','Yes'),('KUA010117','Kurti',NULL,NULL,NULL,NULL,1300,650,'Kurti',1,1,NULL,1,'FALSE','TRUE','Yes'),('KUA010118','Kurti',NULL,NULL,NULL,NULL,1300,650,'Kurti',1,1,NULL,1,'FALSE','TRUE','Yes'),('KUA010119','Kurti',NULL,NULL,NULL,NULL,1300,650,'Kurti',1,1,NULL,1,'FALSE','TRUE','Yes'),('KUA010120','Kurti',NULL,NULL,NULL,NULL,1300,650,'Kurti',1,1,NULL,1,'FALSE','TRUE','Yes'),('KUA010121','Kurti',NULL,NULL,NULL,NULL,1100,550,'Kurti',1,1,NULL,1,'FALSE','TRUE','Yes'),('KUA010122','Kurti',NULL,NULL,NULL,NULL,1100,550,'Kurti',1,1,NULL,1,'FALSE','TRUE','Yes'),('KUA010123','Kurti',NULL,NULL,NULL,NULL,1100,550,'Kurti',1,1,NULL,1,'FALSE','TRUE','Yes'),('KUA010124','Kurti',NULL,NULL,NULL,NULL,1100,550,'Kurti',1,1,NULL,1,'FALSE','TRUE','Yes'),('KUA010125','Kurti',NULL,NULL,NULL,NULL,700,350,'Kurti',1,1,NULL,1,'FALSE','TRUE','Yes'),('KUA010126','Kurti',NULL,NULL,NULL,NULL,700,350,'Kurti',1,1,NULL,1,'FALSE','TRUE','Yes'),('KUA010127','Kurti',NULL,NULL,NULL,NULL,700,350,'Kurti',1,1,NULL,1,'FALSE','TRUE','Yes'),('KUA010128','Kurti',NULL,NULL,NULL,NULL,900,450,'Kurti',1,1,NULL,1,'FALSE','TRUE','Yes'),('KUA010129','Kurti',NULL,NULL,NULL,NULL,900,450,'Kurti',1,1,NULL,1,'FALSE','TRUE','Yes'),('KUA010130','Kurti',NULL,NULL,NULL,NULL,1500,750,'Kurti',1,1,NULL,1,'FALSE','TRUE','Yes'),('KUA010131','Kurti',NULL,NULL,NULL,NULL,2700,1350,'Kurti',1,1,NULL,1,'FALSE','TRUE','Yes'),('KUA010132','Kurti',NULL,NULL,NULL,NULL,1500,750,'Kurti',1,1,NULL,1,'FALSE','TRUE','Yes'),('KUA010133','Kurti',NULL,NULL,NULL,NULL,2500,1250,'Kurti',1,1,NULL,1,'FALSE','TRUE','Yes'),('KUA010134','Kurti',NULL,NULL,NULL,NULL,1700,850,'Kurti',1,1,NULL,1,'FALSE','TRUE','Yes'),('KUA010135','Kurti',NULL,NULL,NULL,NULL,2500,1250,'Kurti',1,1,NULL,1,'FALSE','TRUE','Yes'),('KUA010136','Kurti',NULL,NULL,NULL,NULL,1900,950,'Kurti',1,1,NULL,1,'FALSE','TRUE','Yes'),('KUA010137','Kurti',NULL,NULL,NULL,NULL,2500,1250,'Kurti',1,1,NULL,1,'FALSE','TRUE','Yes'),('KUA010138','Kurti',NULL,NULL,NULL,NULL,2500,1250,'Kurti',1,1,NULL,1,'FALSE','TRUE','Yes'),('KUA010139','Kurti',NULL,NULL,NULL,NULL,2500,1250,'Kurti',1,1,NULL,1,'FALSE','TRUE','Yes'),('KUA010140','Kurti',NULL,NULL,NULL,NULL,2300,1150,'Kurti',1,1,NULL,1,'FALSE','TRUE','Yes'),('KUA010141','Kurti',NULL,NULL,NULL,NULL,2700,1350,'Kurti',1,1,NULL,1,'FALSE','TRUE','Yes'),('KUA010142','Kurti',NULL,NULL,NULL,NULL,2700,1350,'Kurti',1,1,NULL,1,'FALSE','TRUE','Yes'),('KUA010143','Kurti',NULL,NULL,NULL,NULL,2300,1150,'Kurti',1,1,NULL,1,'FALSE','TRUE','Yes'),('KUA010144','Kurti',NULL,NULL,NULL,NULL,2300,1150,'Kurti',1,1,NULL,1,'FALSE','TRUE','Yes'),('KUA010145','Kurti',NULL,NULL,NULL,NULL,2700,1350,'Kurti',1,1,NULL,1,'FALSE','TRUE','Yes'),('KUA010146','Kurti',NULL,NULL,NULL,NULL,2500,1250,'Kurti',1,1,NULL,1,'FALSE','TRUE','Yes'),('KUA010147','Kurti',NULL,NULL,NULL,NULL,2700,1350,'Kurti',1,1,NULL,1,'FALSE','TRUE','Yes'),('KUA010148','Kurti',NULL,NULL,NULL,NULL,2300,1150,'Kurti',1,1,NULL,1,'FALSE','TRUE','Yes'),('KUA010149','Kurti',NULL,NULL,NULL,NULL,2120,1060,'Kurti',1,1,NULL,1,'FALSE','TRUE','Yes'),('KUA010150','Kurti',NULL,NULL,NULL,NULL,2300,1150,'Kurti',1,1,NULL,1,'FALSE','TRUE','Yes'),('KUA010151','Kurti',NULL,NULL,NULL,NULL,2200,1100,'Kurti',1,1,NULL,1,'FALSE','TRUE','Yes'),('KUA010152','Kurti',NULL,NULL,NULL,NULL,2300,1150,'Kurti',1,1,NULL,1,'FALSE','TRUE','Yes'),('KUA010153','Kurti',NULL,NULL,NULL,NULL,2200,1100,'Kurti',1,1,NULL,1,'FALSE','TRUE','Yes'),('KUA010154','Kurti',NULL,NULL,NULL,NULL,2700,1350,'Kurti',1,1,NULL,1,'FALSE','TRUE','Yes'),('KUA010155','Kurti',NULL,NULL,NULL,NULL,2300,1150,'Kurti',1,1,NULL,1,'FALSE','TRUE','Yes'),('KUA010156','Kurti',NULL,NULL,NULL,NULL,2300,1150,'Kurti',1,1,NULL,1,'FALSE','TRUE','Yes'),('KUA010157','Kurti',NULL,NULL,NULL,NULL,2300,1150,'Kurti',1,1,NULL,1,'FALSE','TRUE','Yes'),('KUA010158','Kurti',NULL,NULL,NULL,NULL,2300,1150,'Kurti',1,1,NULL,1,'FALSE','TRUE','Yes'),('KUA010159','Kurti',NULL,NULL,NULL,NULL,2700,1350,'Kurti',1,1,NULL,1,'FALSE','TRUE','Yes'),('KUA010160','Kurti',NULL,NULL,NULL,NULL,2300,1150,'Kurti',1,1,NULL,1,'FALSE','TRUE','Yes'),('KUA010161','Kurti',NULL,NULL,NULL,NULL,2320,1160,'Kurti',1,1,NULL,1,'FALSE','TRUE','Yes'),('KUA010162','Kurti',NULL,NULL,NULL,NULL,2300,1150,'Kurti',1,1,NULL,1,'FALSE','TRUE','Yes'),('KUA010163','Kurti',NULL,NULL,NULL,NULL,2200,1100,'Kurti',1,1,NULL,1,'FALSE','TRUE','Yes'),('KUA010164','Kurti',NULL,NULL,NULL,NULL,2200,1100,'Kurti',1,1,NULL,1,'FALSE','TRUE','Yes'),('KUA010165','Kurti',NULL,NULL,NULL,NULL,2200,1100,'Kurti',1,1,NULL,1,'FALSE','TRUE','Yes'),('KUA010166','Kurti',NULL,NULL,NULL,NULL,2500,1250,'Kurti',1,1,NULL,1,'FALSE','TRUE','Yes'),('KUA010167','Kurti',NULL,NULL,NULL,NULL,2500,1250,'Kurti',1,1,NULL,1,'FALSE','TRUE','Yes'),('KUA010168','Kurti',NULL,NULL,NULL,NULL,1620,807.5,'Kurti',1,1,NULL,1,'FALSE','TRUE','Yes'),('KUA010169','Kurti',NULL,NULL,NULL,NULL,1660,831.25,'Kurti',1,1,NULL,1,'FALSE','TRUE','Yes'),('KUA010170','Kurti',NULL,NULL,NULL,NULL,1130,565.25,'Kurti',1,1,NULL,1,'FALSE','TRUE','Yes'),('KUA010171','Kurti',NULL,NULL,NULL,NULL,1130,565.25,'Kurti',1,1,NULL,1,'FALSE','TRUE','Yes'),('KUA010172','Kurti',NULL,NULL,NULL,NULL,1130,565.25,'Kurti',1,1,NULL,1,'FALSE','TRUE','Yes'),('KUA010173','Kurti',NULL,NULL,NULL,NULL,1090,546.25,'Kurti',1,1,NULL,1,'FALSE','TRUE','Yes'),('KUA010174','Kurti',NULL,NULL,NULL,NULL,1890,945.25,'Kurti',1,1,NULL,1,'FALSE','TRUE','Yes'),('KUA010175','Kurti',NULL,NULL,NULL,NULL,1890,945.25,'Kurti',1,1,NULL,1,'FALSE','TRUE','Yes'),('KUA010176','Kurti',NULL,NULL,NULL,NULL,1510,755.25,'Kurti',1,1,NULL,1,'FALSE','TRUE','Yes'),('KUA010177','Kurti',NULL,NULL,NULL,NULL,1510,755.25,'Kurti',1,1,NULL,1,'FALSE','TRUE','Yes'),('KUA010178','Kurti',NULL,NULL,NULL,NULL,1660,831.25,'Kurti',1,1,NULL,1,'FALSE','TRUE','Yes'),('KUA010179','Kurti',NULL,NULL,NULL,NULL,1700,850.25,'Kurti',1,1,NULL,1,'FALSE','TRUE','Yes'),('KUA010180','Kurti',NULL,NULL,NULL,NULL,940,470.25,'Kurti',1,1,NULL,1,'FALSE','TRUE','Yes'),('KUA010181','Kurti',NULL,NULL,NULL,NULL,1620,807.5,'Kurti',1,1,NULL,1,'FALSE','TRUE','Yes'),('KUA010182','Kurti',NULL,NULL,NULL,NULL,1050,522.5,'Kurti',1,1,NULL,1,'FALSE','TRUE','Yes'),('KUA010183','Kurti',NULL,NULL,NULL,NULL,1470,736.25,'Kurti',1,1,NULL,1,'FALSE','TRUE','Yes'),('KUA010184','Kurti',NULL,NULL,NULL,NULL,1190,593.75,'Kurti',1,1,NULL,1,'FALSE','TRUE','Yes'),('KUA010185','Kurti',NULL,NULL,NULL,NULL,1050,522.5,'Kurti',1,1,NULL,1,'FALSE','TRUE','Yes'),('KUA010186','Kurti',NULL,NULL,NULL,NULL,1000,498.75,'Kurti',1,1,NULL,1,'FALSE','TRUE','Yes'),('KUA010187','Kurti',NULL,NULL,NULL,NULL,1000,498.75,'Kurti',1,1,NULL,1,'FALSE','TRUE','Yes'),('KUA010188','Kurti',NULL,NULL,NULL,NULL,1810,902.5,'Kurti',1,1,NULL,1,'FALSE','TRUE','Yes'),('KUA010189','Kurti',NULL,NULL,NULL,NULL,1510,755.25,'Kurti',1,1,NULL,1,'FALSE','TRUE','Yes'),('KUA010190','Kurti',NULL,NULL,NULL,NULL,1890,945.25,'Kurti',1,1,NULL,1,'FALSE','TRUE','Yes'),('KUA010191','Kurti',NULL,NULL,NULL,NULL,2650,1325.25,'Kurti',1,1,NULL,1,'FALSE','TRUE','Yes'),('KUA010192','Kurti',NULL,NULL,NULL,NULL,2270,1135.25,'Kurti',1,1,NULL,1,'FALSE','TRUE','Yes'),('KUA010193','Kurti',NULL,NULL,NULL,NULL,2330,1163.75,'Kurti',1,1,NULL,1,'FALSE','TRUE','Yes'),('KUA010194','Kurti',NULL,NULL,NULL,NULL,2650,1325.25,'Kurti',1,1,NULL,1,'FALSE','TRUE','Yes'),('KUA010195','Kurti',NULL,NULL,NULL,NULL,2270,1135.25,'Kurti',1,1,NULL,1,'FALSE','TRUE','Yes'),('KUA010196','Kurti',NULL,NULL,NULL,NULL,2650,1325.25,'Kurti',1,1,NULL,1,'FALSE','TRUE','Yes'),('KUA010197','Kurti',NULL,NULL,NULL,NULL,2270,1135.25,'Kurti',1,1,NULL,1,'FALSE','TRUE','Yes'),('KUA010198','Kurti',NULL,NULL,NULL,NULL,2080,1040.25,'Kurti',1,1,NULL,1,'FALSE','TRUE','Yes'),('KUA010199','Kurti',NULL,NULL,NULL,NULL,2270,1135.25,'Kurti',1,1,NULL,1,'FALSE','TRUE','Yes'),('KUA010200','Kurti',NULL,NULL,NULL,NULL,2650,1325.25,'Kurti',1,1,NULL,1,'FALSE','TRUE','Yes'),('KUA010201','Kurti',NULL,NULL,NULL,NULL,3410,1705.25,'Kurti',1,1,NULL,1,'FALSE','TRUE','Yes'),('KUA010204','Kurti',NULL,NULL,NULL,NULL,1180,591,'Kurti',1,1,NULL,1,'FALSE','TRUE','Yes'),('KUA010205','Kurti',NULL,NULL,NULL,NULL,1180,591,'Kurti',1,1,NULL,1,'FALSE','TRUE','Yes'),('KUA010206','Kurti',NULL,NULL,NULL,NULL,2040,1021,'Kurti',1,1,NULL,1,'FALSE','TRUE','Yes'),('KUA010207','Kurti',NULL,NULL,NULL,NULL,1180,591,'Kurti',1,1,NULL,1,'FALSE','TRUE','Yes'),('KUA010208','Kurti',NULL,NULL,NULL,NULL,1180,591,'Kurti',1,1,NULL,1,'FALSE','TRUE','Yes'),('KUA010209','Kurti',NULL,NULL,NULL,NULL,1180,591,'Kurti',1,1,NULL,1,'FALSE','TRUE','Yes'),('KUA010210','Kurti',NULL,NULL,NULL,NULL,1610,806,'Kurti',1,1,NULL,1,'FALSE','TRUE','Yes'),('KUA010211','Kurti',NULL,NULL,NULL,NULL,2260,1129,'Kurti',1,1,NULL,1,'FALSE','TRUE','Yes'),('KUA010212','Kurti',NULL,NULL,NULL,NULL,2260,1129,'Kurti',1,1,NULL,1,'FALSE','TRUE','Yes'),('KUA010213','Kurti',NULL,NULL,NULL,NULL,1180,591,'Kurti',1,1,NULL,1,'FALSE','TRUE','Yes'),('KUA010214','Kurti',NULL,NULL,NULL,NULL,1180,591,'Kurti',1,1,NULL,1,'FALSE','TRUE','Yes'),('KUA010215','Kurti',NULL,NULL,NULL,NULL,1180,591,'Kurti',1,1,NULL,1,'FALSE','TRUE','Yes'),('KUA010216','Kurti',NULL,NULL,NULL,NULL,2040,1021,'Kurti',1,1,NULL,1,'FALSE','TRUE','Yes'),('KUA010217','Kurti',NULL,NULL,NULL,NULL,2260,1129,'Kurti',1,1,NULL,1,'FALSE','TRUE','Yes'),('KUA010218','Kurti',NULL,NULL,NULL,NULL,2040,1021,'Kurti',1,1,NULL,1,'FALSE','TRUE','Yes'),('KUA010219','Kurti',NULL,NULL,NULL,NULL,1400,699,'Kurti',1,1,NULL,1,'FALSE','TRUE','Yes'),('KUA010220','Kurti',NULL,NULL,NULL,NULL,2260,1129,'Kurti',1,1,NULL,1,'FALSE','TRUE','Yes'),('KUA010221','Kurti',NULL,NULL,NULL,NULL,2470,1236,'Kurti',1,1,NULL,1,'FALSE','TRUE','Yes'),('KUA010222','Kurti',NULL,NULL,NULL,NULL,1610,806,'Kurti',1,1,NULL,1,'FALSE','TRUE','Yes'),('KUA010223','Kurti',NULL,NULL,NULL,NULL,2040,1021,'Kurti',1,1,NULL,1,'FALSE','TRUE','Yes'),('KUA010224','Kurti',NULL,NULL,NULL,NULL,2260,1129,'Kurti',1,1,NULL,1,'FALSE','TRUE','Yes'),('KUA010225','Kurti',NULL,NULL,NULL,NULL,1180,591,'Kurti',1,1,NULL,1,'FALSE','TRUE','Yes'),('KUA010226','Kurti',NULL,NULL,NULL,NULL,2260,1129,'Kurti',1,1,NULL,1,'FALSE','TRUE','Yes'),('KUA010227','Kurti',NULL,NULL,NULL,NULL,1180,591,'Kurti',1,1,NULL,1,'FALSE','TRUE','Yes'),('KUA010228','Kurti',NULL,NULL,NULL,NULL,1610,806,'Kurti',1,1,NULL,1,'FALSE','TRUE','Yes'),('KUA010229','Kurti',NULL,NULL,NULL,NULL,2040,1021,'Kurti',1,1,NULL,1,'FALSE','TRUE','Yes'),('KUA010230','Kurti',NULL,NULL,NULL,NULL,2260,1129,'Kurti',1,1,NULL,1,'FALSE','TRUE','Yes'),('KUA010231','Kurti',NULL,NULL,NULL,NULL,970,484,'Kurti',1,1,NULL,1,'FALSE','TRUE','Yes'),('KUA010232','Kurti',NULL,NULL,NULL,NULL,1830,914,'Kurti',1,1,NULL,1,'FALSE','TRUE','Yes'),('KUA010233','Kurti',NULL,NULL,NULL,NULL,2040,1021,'Kurti',1,1,NULL,1,'FALSE','TRUE','Yes'),('KUA010234','Kurti',NULL,NULL,NULL,NULL,1400,699,'Kurti',1,1,NULL,1,'FALSE','TRUE','Yes'),('KUA010235','Kurti',NULL,NULL,NULL,NULL,1180,591,'Kurti',1,1,NULL,1,'FALSE','TRUE','Yes'),('KUA010236','Kurti',NULL,NULL,NULL,NULL,1180,591,'Kurti',1,1,NULL,1,'FALSE','TRUE','Yes'),('KUA010237','Kurti',NULL,NULL,NULL,NULL,2260,1129,'Kurti',1,1,NULL,1,'FALSE','TRUE','Yes'),('KUA010239','Kurti',NULL,NULL,NULL,NULL,750,375,'Kurti',1,1,NULL,1,'FALSE','TRUE','Yes'),('KUA010240','Kurti',NULL,NULL,NULL,NULL,1820,911,'Kurti',1,1,NULL,1,'FALSE','TRUE','Yes'),('KUA010241','Kurti',NULL,NULL,NULL,NULL,2680,1339,'Kurti',1,1,NULL,1,'FALSE','TRUE','Yes'),('KUA010242','Kurti',NULL,NULL,NULL,NULL,1820,911,'Kurti',1,1,NULL,1,'FALSE','TRUE','Yes'),('KUA010243','Kurti',NULL,NULL,NULL,NULL,1180,589,'Kurti',1,1,NULL,1,'FALSE','TRUE','Yes'),('KUA010244','Kurti',NULL,NULL,NULL,NULL,960,482,'Kurti',1,1,NULL,1,'FALSE','TRUE','Yes'),('KUA010245','Kurti',NULL,NULL,NULL,NULL,960,482,'Kurti',1,1,NULL,1,'FALSE','TRUE','Yes'),('KUA010246','Kurti',NULL,NULL,NULL,NULL,1180,589,'Kurti',1,1,NULL,1,'FALSE','TRUE','Yes'),('KUA010247','Kurti',NULL,NULL,NULL,NULL,1180,589,'Kurti',1,1,NULL,1,'FALSE','TRUE','Yes'),('KUA010248','Kurti',NULL,NULL,NULL,NULL,2040,1018,'Kurti',1,1,NULL,1,'FALSE','TRUE','Yes'),('KUA010249','Kurti',NULL,NULL,NULL,NULL,1610,804,'Kurti',1,1,NULL,1,'FALSE','TRUE','Yes'),('KUA010250','Kurti',NULL,NULL,NULL,NULL,1390,697,'Kurti',1,1,NULL,1,'FALSE','TRUE','Yes'),('KUA010251','Kurti',NULL,NULL,NULL,NULL,2250,1125,'Kurti',1,1,NULL,1,'FALSE','TRUE','Yes'),('KUA010252','Kurti',NULL,NULL,NULL,NULL,2250,1125,'Kurti',1,1,NULL,1,'FALSE','TRUE','Yes'),('KUA010253','Kurti',NULL,NULL,NULL,NULL,1180,589,'Kurti',1,1,NULL,1,'FALSE','TRUE','Yes'),('KUA010254','Kurti',NULL,NULL,NULL,NULL,2250,1125,'Kurti',1,1,NULL,1,'FALSE','TRUE','Yes'),('KUA010255','Kurti',NULL,NULL,NULL,NULL,3750,1875,'Kurti',1,1,NULL,1,'FALSE','TRUE','Yes'),('KUA010256','Kurti',NULL,NULL,NULL,NULL,2460,1232,'Kurti',1,1,NULL,1,'FALSE','TRUE','Yes'),('KUA010257','Kurti',NULL,NULL,NULL,NULL,2040,1018,'Kurti',1,1,NULL,1,'FALSE','TRUE','Yes'),('KUA010258','Kurti',NULL,NULL,NULL,NULL,2890,1447,'Kurti',1,1,NULL,1,'FALSE','TRUE','Yes'),('KUA010259','Kurti',NULL,NULL,NULL,NULL,1070,536,'Kurti',1,1,NULL,1,'FALSE','TRUE','Yes'),('KUA010260','Kurti',NULL,NULL,NULL,NULL,2040,1018,'Kurti',1,1,NULL,1,'FALSE','TRUE','Yes'),('KUA010261','Kurti',NULL,NULL,NULL,NULL,2250,1125,'Kurti',1,1,NULL,1,'FALSE','TRUE','Yes'),('KUA010262','Kurti',NULL,NULL,NULL,NULL,2040,1018,'Kurti',1,1,NULL,1,'FALSE','TRUE','Yes'),('KUA010263','Kurti',NULL,NULL,NULL,NULL,2890,1447,'Kurti',1,1,NULL,1,'FALSE','TRUE','Yes'),('KUA010264','Kurti',NULL,NULL,NULL,NULL,2040,1018,'Kurti',1,1,NULL,1,'FALSE','TRUE','Yes'),('KUA010265','Kurti',NULL,NULL,NULL,NULL,1610,804,'Kurti',1,1,NULL,1,'FALSE','TRUE','Yes'),('KUA010266','Kurti',NULL,NULL,NULL,NULL,2460,1232,'Kurti',1,1,NULL,1,'FALSE','TRUE','Yes'),('KUA010267','Kurti',NULL,NULL,NULL,NULL,1610,804,'Kurti',1,1,NULL,1,'FALSE','TRUE','Yes'),('KUA010268','Kurti',NULL,NULL,NULL,NULL,750,375,'Kurti',1,1,NULL,1,'FALSE','TRUE','Yes'),('KUA010269','Kurti',NULL,NULL,NULL,NULL,1170,587,'Kurti',1,1,NULL,1,'FALSE','TRUE','Yes'),('KUA010270','Kurti',NULL,NULL,NULL,NULL,1170,587,'Kurti',1,1,NULL,1,'FALSE','TRUE','Yes'),('KUA010271','Kurti',NULL,NULL,NULL,NULL,1170,587,'Kurti',1,1,NULL,1,'FALSE','TRUE','Yes'),('KUA010272','Kurti',NULL,NULL,NULL,NULL,530,267,'Kurti',1,1,NULL,1,'FALSE','TRUE','Yes'),('KUA010273','Kurti',NULL,NULL,NULL,NULL,530,267,'Kurti',1,1,NULL,1,'FALSE','TRUE','Yes'),('KUA010274','Kurti',NULL,NULL,NULL,NULL,1170,587,'Kurti',1,1,NULL,1,'FALSE','TRUE','Yes'),('KUA010275','Kurti',NULL,NULL,NULL,NULL,1170,587,'Kurti',1,1,NULL,1,'FALSE','TRUE','Yes'),('KUA010276','Kurti',NULL,NULL,NULL,NULL,1170,587,'Kurti',1,1,NULL,1,'FALSE','TRUE','Yes'),('KUA010277','Kurti',NULL,NULL,NULL,NULL,1170,587,'Kurti',1,1,NULL,1,'FALSE','TRUE','Yes'),('KUA010278','Kurti',NULL,NULL,NULL,NULL,960,480,'Kurti',1,1,NULL,1,'FALSE','TRUE','Yes'),('KUA010279','Kurti',NULL,NULL,NULL,NULL,1170,587,'Kurti',1,1,NULL,1,'FALSE','TRUE','Yes'),('KUA010280','Kurti',NULL,NULL,NULL,NULL,1170,587,'Kurti',1,1,NULL,1,'FALSE','TRUE','Yes'),('KUA010281','Kurti',NULL,NULL,NULL,NULL,530,267,'Kurti',1,1,NULL,1,'FALSE','TRUE','Yes'),('KUA010282','Kurti',NULL,NULL,NULL,NULL,1390,694,'Kurti',1,1,NULL,1,'FALSE','TRUE','Yes'),('KUA010283','Kurti',NULL,NULL,NULL,NULL,1170,587,'Kurti',1,1,NULL,1,'FALSE','TRUE','Yes'),('KUA010284','Kurti',NULL,NULL,NULL,NULL,1170,587,'Kurti',1,1,NULL,1,'FALSE','TRUE','Yes'),('KUA010285','Kurti',NULL,NULL,NULL,NULL,750,373,'Kurti',1,1,NULL,1,'FALSE','TRUE','Yes'),('KUA010286','Kurti',NULL,NULL,NULL,NULL,1170,587,'Kurti',1,1,NULL,1,'FALSE','TRUE','Yes'),('KUA010287','Kurti',NULL,NULL,NULL,NULL,530,267,'Kurti',1,1,NULL,1,'FALSE','TRUE','Yes'),('KUA010288','Kurti',NULL,NULL,NULL,NULL,1170,587,'Kurti',1,1,NULL,1,'FALSE','TRUE','Yes'),('KUA010289','Kurti',NULL,NULL,NULL,NULL,750,373,'Kurti',1,1,NULL,1,'FALSE','TRUE','Yes'),('KUA010290','Kurti',NULL,NULL,NULL,NULL,960,480,'Kurti',1,1,NULL,1,'FALSE','TRUE','Yes'),('KUA010291','Kurti',NULL,NULL,NULL,NULL,1390,694,'Kurti',1,1,NULL,1,'FALSE','TRUE','Yes'),('KUA010292','Kurti',NULL,NULL,NULL,NULL,530,267,'Kurti',1,1,NULL,1,'FALSE','TRUE','Yes'),('KUA010293','Kurti',NULL,NULL,NULL,NULL,1170,587,'Kurti',1,1,NULL,1,'FALSE','TRUE','Yes'),('KUA010294','Kurti',NULL,NULL,NULL,NULL,1170,587,'Kurti',1,1,NULL,1,'FALSE','TRUE','Yes'),('KUA010295','Kurti',NULL,NULL,NULL,NULL,1170,587,'Kurti',1,1,NULL,1,'FALSE','TRUE','Yes'),('KUA010296','Kurti',NULL,NULL,NULL,NULL,530,267,'Kurti',1,1,NULL,1,'FALSE','TRUE','Yes'),('KUA010297','Kurti',NULL,NULL,NULL,NULL,1370,683,'Kurti',1,1,NULL,1,'FALSE','TRUE','Yes'),('KUA010298','Kurti',NULL,NULL,NULL,NULL,2210,1103,'Kurti',1,1,NULL,1,'FALSE','TRUE','Yes'),('KUA010299','Kurti',NULL,NULL,NULL,NULL,1160,578,'Kurti',1,1,NULL,1,'FALSE','TRUE','Yes'),('KUA010300','Kurti',NULL,NULL,NULL,NULL,1160,578,'Kurti',1,1,NULL,1,'FALSE','TRUE','Yes'),('KUA010301','Kurti',NULL,NULL,NULL,NULL,950,473,'Kurti',1,1,NULL,1,'FALSE','TRUE','Yes'),('KUA010302','Kurti',NULL,NULL,NULL,NULL,2000,998,'Kurti',1,1,NULL,1,'FALSE','TRUE','Yes'),('KUA010303','Kurti',NULL,NULL,NULL,NULL,1160,578,'Kurti',1,1,NULL,1,'FALSE','TRUE','Yes'),('KUA010304','Kurti',NULL,NULL,NULL,NULL,1160,578,'Kurti',1,1,NULL,1,'FALSE','TRUE','Yes'),('KUA010305','Kurti',NULL,NULL,NULL,NULL,2840,1418,'Kurti',1,1,NULL,1,'FALSE','TRUE','Yes'),('KUA010306','Kurti',NULL,NULL,NULL,NULL,2210,1103,'Kurti',1,1,NULL,1,'FALSE','TRUE','Yes'),('KUA010307','Kurti',NULL,NULL,NULL,NULL,2840,1418,'Kurti',1,1,NULL,1,'FALSE','TRUE','Yes'),('KUA010308','Kurti',NULL,NULL,NULL,NULL,2000,998,'Kurti',1,1,NULL,1,'FALSE','TRUE','Yes'),('KUA010309','Kurti',NULL,NULL,NULL,NULL,2630,1313,'Kurti',1,1,NULL,1,'FALSE','TRUE','Yes'),('KUA010310','Kurti',NULL,NULL,NULL,NULL,1790,893,'Kurti',1,1,NULL,1,'FALSE','TRUE','Yes'),('KUA010311','Kurti',NULL,NULL,NULL,NULL,1370,683,'Kurti',1,1,NULL,1,'FALSE','TRUE','Yes'),('KUA010312','Kurti',NULL,NULL,NULL,NULL,2210,1103,'Kurti',1,1,NULL,1,'FALSE','TRUE','Yes'),('KUA010313','Kurti',NULL,NULL,NULL,NULL,1370,683,'Kurti',1,1,NULL,1,'FALSE','TRUE','Yes'),('KUA010314','Kurti',NULL,NULL,NULL,NULL,1160,578,'Kurti',1,1,NULL,1,'FALSE','TRUE','Yes'),('KUA010315','Kurti',NULL,NULL,NULL,NULL,1710,855,'Kurti',1,1,NULL,1,'FALSE','TRUE','Yes'),('KUA010316','Kurti',NULL,NULL,NULL,NULL,1710,855,'Kurti',1,1,NULL,1,'FALSE','TRUE','Yes'),('KUA010317','Kurti',NULL,NULL,NULL,NULL,3000,1501,'Kurti',1,1,NULL,1,'FALSE','TRUE','Yes'),('KUA010318','Kurti',NULL,NULL,NULL,NULL,2570,1286,'Kurti',1,1,NULL,1,'FALSE','TRUE','Yes'),('KUA010319','Kurti',NULL,NULL,NULL,NULL,3000,1501,'Kurti',1,1,NULL,1,'FALSE','TRUE','Yes'),('KUA010320','Kurti',NULL,NULL,NULL,NULL,2570,1286,'Kurti',1,1,NULL,1,'FALSE','TRUE','Yes'),('KUA010321','Kurti',NULL,NULL,NULL,NULL,2790,1393,'Kurti',1,1,NULL,1,'FALSE','TRUE','Yes'),('KUA010322','Kurti',NULL,NULL,NULL,NULL,3000,1501,'Kurti',1,1,NULL,1,'FALSE','TRUE','Yes'),('KUA010323','Kurti',NULL,NULL,NULL,NULL,1710,855,'Kurti',1,1,NULL,1,'FALSE','TRUE','Yes'),('KUA010324','Kurti',NULL,NULL,NULL,NULL,2260,1130,'Kurti',1,1,NULL,1,'FALSE','TRUE','Yes'),('KUA010325','Kurti',NULL,NULL,NULL,NULL,2570,1286,'Kurti',1,1,NULL,1,'FALSE','TRUE','Yes'),('KUA010326','Kurti',NULL,NULL,NULL,NULL,1710,855,'Kurti',1,1,NULL,1,'FALSE','TRUE','Yes'),('KUA010327','Kurti',NULL,NULL,NULL,NULL,2790,1393,'Kurti',1,1,NULL,1,'FALSE','TRUE','Yes'),('KUA010328','Kurti',NULL,NULL,NULL,NULL,3000,1501,'Kurti',1,1,NULL,1,'FALSE','TRUE','Yes'),('KUA010329','Kurti',NULL,NULL,NULL,NULL,1710,855,'Kurti',1,1,NULL,1,'FALSE','TRUE','Yes'),('KUA010330','Kurti',NULL,NULL,NULL,NULL,2790,1393,'Kurti',1,1,NULL,1,'FALSE','TRUE','Yes'),('KUA010331','Kurti',NULL,NULL,NULL,NULL,2790,1393,'Kurti',1,1,NULL,1,'FALSE','TRUE','Yes'),('KUA010332','Kurti',NULL,NULL,NULL,NULL,2570,1286,'Kurti',1,1,NULL,1,'FALSE','TRUE','Yes'),('KUA010333','Kurti',NULL,NULL,NULL,NULL,2790,1393,'Kurti',1,1,NULL,1,'FALSE','TRUE','Yes'),('KUA010334','Kurti',NULL,NULL,NULL,NULL,2260,1130,'Kurti',1,1,NULL,1,'FALSE','TRUE','Yes'),('KUA010335','Kurti',NULL,NULL,NULL,NULL,2640,1318,'Kurti',1,1,NULL,1,'FALSE','TRUE','Yes'),('KUA010336','Kurti',NULL,NULL,NULL,NULL,2570,1286,'Kurti',1,1,NULL,1,'FALSE','TRUE','Yes'),('KUA010337','Kurti',NULL,NULL,NULL,NULL,1710,855,'Kurti',1,1,NULL,1,'FALSE','TRUE','Yes'),('KUA010338','Kurti',NULL,NULL,NULL,NULL,2790,1393,'Kurti',1,1,NULL,1,'FALSE','TRUE','Yes'),('KUA010339','Kurti',NULL,NULL,NULL,NULL,2570,1286,'Kurti',1,1,NULL,1,'FALSE','TRUE','Yes'),('KUA010340','Kurti',NULL,NULL,NULL,NULL,2570,1286,'Kurti',1,1,NULL,1,'FALSE','TRUE','Yes'),('KUA010341','Kurti',NULL,NULL,NULL,NULL,2570,1286,'Kurti',1,1,NULL,1,'FALSE','TRUE','Yes'),('KUA010342','Kurti',NULL,NULL,NULL,NULL,2790,1393,'Kurti',1,1,NULL,1,'FALSE','TRUE','Yes'),('KUA010343','Kurti',NULL,NULL,NULL,NULL,2790,1393,'Kurti',1,1,NULL,1,'FALSE','TRUE','Yes'),('KUA010344','Kurti',NULL,NULL,NULL,NULL,2640,1318,'Kurti',1,1,NULL,1,'FALSE','TRUE','Yes'),('KUA010345','Kurti',NULL,NULL,NULL,NULL,1710,855,'Kurti',1,1,NULL,1,'FALSE','TRUE','Yes'),('KUA010346','Kurti',NULL,NULL,NULL,NULL,3000,1501,'Kurti',1,1,NULL,1,'FALSE','TRUE','Yes'),('KUA010347','Kurti',NULL,NULL,NULL,NULL,2570,1286,'Kurti',1,1,NULL,1,'FALSE','TRUE','Yes'),('KUA010348','Kurti',NULL,NULL,NULL,NULL,3000,1501,'Kurti',1,1,NULL,1,'FALSE','TRUE','Yes'),('KUC010001','Kurti',NULL,NULL,NULL,NULL,1440,800,'Kurti',1,1,NULL,1,'FALSE','TRUE','Yes'),('KUC010002','Kurti',NULL,NULL,NULL,NULL,1440,800,'Kurti',1,1,NULL,1,'FALSE','TRUE','Yes'),('KUC010003','Kurti',NULL,NULL,NULL,NULL,1440,800,'Kurti',1,1,NULL,1,'FALSE','TRUE','Yes'),('KUC010004','Kurti',NULL,NULL,NULL,NULL,1440,800,'Kurti',1,1,NULL,1,'FALSE','TRUE','Yes'),('KUC010005','Kurti',NULL,NULL,NULL,NULL,1440,800,'Kurti',1,1,NULL,1,'FALSE','TRUE','Yes'),('KUC010006','Kurti',NULL,NULL,NULL,NULL,1440,800,'Kurti',1,1,NULL,1,'FALSE','TRUE','Yes'),('KUC010007','Kurti',NULL,NULL,NULL,NULL,1440,800,'Kurti',1,1,NULL,1,'FALSE','TRUE','Yes'),('KUC010008','Kurti',NULL,NULL,NULL,NULL,1440,800,'Kurti',1,1,NULL,1,'FALSE','TRUE','Yes'),('KUC010009','Kurti',NULL,NULL,NULL,NULL,1440,800,'Kurti',1,1,NULL,1,'FALSE','TRUE','Yes'),('KUC010010','Kurti',NULL,NULL,NULL,NULL,860,480,'Kurti',1,1,NULL,1,'FALSE','TRUE','Yes'),('KUC010011','Kurti',NULL,NULL,NULL,NULL,860,480,'Kurti',1,1,NULL,1,'FALSE','TRUE','Yes'),('KUC010012','Kurti',NULL,NULL,NULL,NULL,860,480,'Kurti',1,1,NULL,1,'FALSE','TRUE','Yes'),('KUC010013','Kurti',NULL,NULL,NULL,NULL,860,480,'Kurti',1,1,NULL,1,'FALSE','TRUE','Yes'),('KUC010014','Kurti',NULL,NULL,NULL,NULL,860,480,'Kurti',1,1,NULL,1,'FALSE','TRUE','Yes'),('SRA010064','Saree',NULL,NULL,NULL,NULL,2500,1250,'Saree',1,1,NULL,1,'FALSE','TRUE','Yes'),('SRA010065','Saree',NULL,NULL,NULL,NULL,2500,1250,'Saree',1,1,NULL,1,'FALSE','TRUE','Yes'),('SRA010066','Saree',NULL,NULL,NULL,NULL,2500,1250,'Saree',1,1,NULL,1,'FALSE','TRUE','Yes'),('SRA010067','Saree',NULL,NULL,NULL,NULL,2500,1250,'Saree',1,1,NULL,1,'FALSE','TRUE','Yes'),('SRA010068','Saree',NULL,NULL,NULL,NULL,2500,1250,'Saree',1,1,NULL,1,'FALSE','TRUE','Yes'),('SRA010069','Saree',NULL,NULL,NULL,NULL,2500,1250,'Saree',1,1,NULL,1,'FALSE','TRUE','Yes'),('SRA010070','Saree',NULL,NULL,NULL,NULL,2500,1250,'Saree',1,1,NULL,1,'FALSE','TRUE','Yes'),('SRA010071','Saree',NULL,NULL,NULL,NULL,2500,1250,'Saree',1,1,NULL,1,'FALSE','TRUE','Yes'),('SRA010072','Saree',NULL,NULL,NULL,NULL,2500,1250,'Saree',1,1,NULL,1,'FALSE','TRUE','Yes'),('SRA010073','Saree',NULL,NULL,NULL,NULL,1390,695,'Saree',1,1,NULL,1,'FALSE','TRUE','Yes'),('SRA010074','Saree',NULL,NULL,NULL,NULL,1390,695,'Saree',1,1,NULL,1,'FALSE','TRUE','Yes'),('SRA010075','Saree',NULL,NULL,NULL,NULL,1390,695,'Saree',1,1,NULL,1,'FALSE','TRUE','Yes'),('SRA010076','Saree',NULL,NULL,NULL,NULL,1390,695,'Saree',1,1,NULL,1,'FALSE','TRUE','Yes'),('SRA010077','Saree',NULL,NULL,NULL,NULL,1390,695,'Saree',1,1,NULL,1,'FALSE','TRUE','Yes'),('SRA010078','Saree',NULL,NULL,NULL,NULL,1390,695,'Saree',1,1,NULL,1,'FALSE','TRUE','Yes'),('SRA010079','Saree',NULL,NULL,NULL,NULL,1690,845,'Saree',1,1,NULL,1,'FALSE','TRUE','Yes'),('SRA010080','Saree',NULL,NULL,NULL,NULL,1690,845,'Saree',1,1,NULL,1,'FALSE','TRUE','Yes'),('SRA010081','Saree',NULL,NULL,NULL,NULL,1690,845,'Saree',1,1,NULL,1,'FALSE','TRUE','Yes'),('SRA010082','Saree',NULL,NULL,NULL,NULL,1690,845,'Saree',1,1,NULL,1,'FALSE','TRUE','Yes'),('SRA010083','Saree',NULL,NULL,NULL,NULL,1690,845,'Saree',1,1,NULL,1,'FALSE','TRUE','Yes'),('SRA010084','Saree',NULL,NULL,NULL,NULL,1690,845,'Saree',1,1,NULL,1,'FALSE','TRUE','Yes'),('SRA010085','Saree',NULL,NULL,NULL,NULL,1690,845,'Saree',1,1,NULL,1,'FALSE','TRUE','Yes'),('SRA010086','Saree',NULL,NULL,NULL,NULL,1690,845,'Saree',1,1,NULL,1,'FALSE','TRUE','Yes'),('SRA010087','Saree',NULL,NULL,NULL,NULL,1190,595,'Saree',1,1,NULL,1,'FALSE','TRUE','Yes'),('SRA010088','Saree',NULL,NULL,NULL,NULL,1190,595,'Saree',1,1,NULL,1,'FALSE','TRUE','Yes'),('SRA010089','Saree',NULL,NULL,NULL,NULL,1190,595,'Saree',1,1,NULL,1,'FALSE','TRUE','Yes'),('SRA010090','Saree',NULL,NULL,NULL,NULL,1190,595,'Saree',1,1,NULL,1,'FALSE','TRUE','Yes'),('SRA010091','Saree',NULL,NULL,NULL,NULL,1190,595,'Saree',1,1,NULL,1,'FALSE','TRUE','Yes'),('SRA010092','Saree',NULL,NULL,NULL,NULL,1190,595,'Saree',1,1,NULL,1,'FALSE','TRUE','Yes'),('SRA010093','Saree',NULL,NULL,NULL,NULL,1100,550,'Saree',1,1,NULL,1,'FALSE','TRUE','Yes'),('SRA010094','Saree',NULL,NULL,NULL,NULL,1100,550,'Saree',1,1,NULL,1,'FALSE','TRUE','Yes'),('SRA010095','Saree',NULL,NULL,NULL,NULL,1100,550,'Saree',1,1,NULL,1,'FALSE','TRUE','Yes'),('SRA010096','Saree',NULL,NULL,NULL,NULL,1100,550,'Saree',1,1,NULL,1,'FALSE','TRUE','Yes'),('SRA010097','Saree',NULL,NULL,NULL,NULL,1100,550,'Saree',1,1,NULL,1,'FALSE','TRUE','Yes'),('SRA010098','Saree',NULL,NULL,NULL,NULL,1100,550,'Saree',1,1,NULL,1,'FALSE','TRUE','Yes'),('SRA010099','Saree',NULL,NULL,NULL,NULL,1100,550,'Saree',1,1,NULL,1,'FALSE','TRUE','Yes'),('SRA010100','Saree',NULL,NULL,NULL,NULL,1100,550,'Saree',1,1,NULL,1,'FALSE','TRUE','Yes'),('SRA010101','Saree',NULL,NULL,NULL,NULL,1100,550,'Saree',1,1,NULL,1,'FALSE','TRUE','Yes'),('SRA010102','Saree',NULL,NULL,NULL,NULL,1100,550,'Saree',1,1,NULL,1,'FALSE','TRUE','Yes'),('SRA010103','Saree',NULL,NULL,NULL,NULL,1100,550,'Saree',1,1,NULL,1,'FALSE','TRUE','Yes'),('SRA010104','Saree',NULL,NULL,NULL,NULL,1100,550,'Saree',1,1,NULL,1,'FALSE','TRUE','Yes'),('SRA010105','Saree',NULL,NULL,NULL,NULL,1590,795,'Saree',1,1,NULL,1,'FALSE','TRUE','Yes'),('SRA010106','Saree',NULL,NULL,NULL,NULL,1590,795,'Saree',1,1,NULL,1,'FALSE','TRUE','Yes'),('SRA010107','Saree',NULL,NULL,NULL,NULL,1590,795,'Saree',1,1,NULL,1,'FALSE','TRUE','Yes'),('SRA010108','Saree',NULL,NULL,NULL,NULL,1590,795,'Saree',1,1,NULL,1,'FALSE','TRUE','Yes'),('SRA010109','Saree',NULL,NULL,NULL,NULL,1590,795,'Saree',1,1,NULL,1,'FALSE','TRUE','Yes'),('SRA010110','Saree',NULL,NULL,NULL,NULL,1590,795,'Saree',1,1,NULL,1,'FALSE','TRUE','Yes'),('SRA010111','Saree',NULL,NULL,NULL,NULL,1590,795,'Saree',1,1,NULL,1,'FALSE','TRUE','Yes'),('SRA010112','Saree',NULL,NULL,NULL,NULL,1590,795,'Saree',1,1,NULL,1,'FALSE','TRUE','Yes'),('SRA010113','Saree',NULL,NULL,NULL,NULL,1590,795,'Saree',1,1,NULL,1,'FALSE','TRUE','Yes'),('SRA010114','Saree',NULL,NULL,NULL,NULL,1590,795,'Saree',1,1,NULL,1,'FALSE','TRUE','Yes'),('SRA010115','Saree',NULL,NULL,NULL,NULL,1590,795,'Saree',1,1,NULL,1,'FALSE','TRUE','Yes'),('SRA010116','Saree',NULL,NULL,NULL,NULL,1190,595,'Saree',1,1,NULL,1,'FALSE','TRUE','Yes'),('SRA010117','Saree',NULL,NULL,NULL,NULL,1190,595,'Saree',1,1,NULL,1,'FALSE','TRUE','Yes'),('SRA010118','Saree',NULL,NULL,NULL,NULL,1190,595,'Saree',1,1,NULL,1,'FALSE','TRUE','Yes'),('SRA010119','Saree',NULL,NULL,NULL,NULL,1190,595,'Saree',1,1,NULL,1,'FALSE','TRUE','Yes'),('SRA010120','Saree',NULL,NULL,NULL,NULL,1190,595,'Saree',1,1,NULL,1,'FALSE','TRUE','Yes'),('SRA010121','Saree',NULL,NULL,NULL,NULL,1190,595,'Saree',1,1,NULL,1,'FALSE','TRUE','Yes'),('SRA010122','Saree',NULL,NULL,NULL,NULL,1190,595,'Saree',1,1,NULL,1,'FALSE','TRUE','Yes'),('SRA010123','Saree',NULL,NULL,NULL,NULL,1190,595,'Saree',1,1,NULL,1,'FALSE','TRUE','Yes'),('SRA010124','Saree',NULL,NULL,NULL,NULL,1190,595,'Saree',1,1,NULL,1,'FALSE','TRUE','Yes'),('SRA010125','Saree',NULL,NULL,NULL,NULL,1190,595,'Saree',1,1,NULL,1,'FALSE','TRUE','Yes'),('SRA010126','Saree',NULL,NULL,NULL,NULL,1190,595,'Saree',1,1,NULL,1,'FALSE','TRUE','Yes'),('SRA010127','Saree',NULL,NULL,NULL,NULL,1190,595,'Saree',1,1,NULL,1,'FALSE','TRUE','Yes'),('SRA010128','Saree',NULL,NULL,NULL,NULL,1190,595,'Saree',1,1,NULL,1,'FALSE','TRUE','Yes'),('SRA010129','Saree',NULL,NULL,NULL,NULL,1190,595,'Saree',1,1,NULL,1,'FALSE','TRUE','Yes'),('SRA010130','Saree',NULL,NULL,NULL,NULL,1190,595,'Saree',1,1,NULL,1,'FALSE','TRUE','Yes'),('SRA010131','Saree',NULL,NULL,NULL,NULL,1190,595,'Saree',1,1,NULL,1,'FALSE','TRUE','Yes'),('SRA010132','Saree',NULL,NULL,NULL,NULL,1190,595,'Saree',1,1,NULL,1,'FALSE','TRUE','Yes'),('SRA010133','Saree',NULL,NULL,NULL,NULL,1190,595,'Saree',1,1,NULL,1,'FALSE','TRUE','Yes'),('SRA010134','Saree',NULL,NULL,NULL,NULL,1190,595,'Saree',1,1,NULL,1,'FALSE','TRUE','Yes'),('SRA010135','Saree',NULL,NULL,NULL,NULL,1430,715,'Saree',1,1,NULL,1,'FALSE','TRUE','Yes'),('SRA010136','Saree',NULL,NULL,NULL,NULL,1430,715,'Saree',1,1,NULL,1,'FALSE','TRUE','Yes'),('SRA010137','Saree',NULL,NULL,NULL,NULL,1430,715,'Saree',1,1,NULL,1,'FALSE','TRUE','Yes'),('SRA010138','Saree',NULL,NULL,NULL,NULL,1430,715,'Saree',1,1,NULL,1,'FALSE','TRUE','Yes'),('SRA010139','Saree',NULL,NULL,NULL,NULL,1430,715,'Saree',1,1,NULL,1,'FALSE','TRUE','Yes'),('SRA010140','Saree',NULL,NULL,NULL,NULL,1430,715,'Saree',1,1,NULL,1,'FALSE','TRUE','Yes'),('SRA010141','Saree',NULL,NULL,NULL,NULL,1430,715,'Saree',1,1,NULL,1,'FALSE','TRUE','Yes'),('SRA010142','Saree',NULL,NULL,NULL,NULL,1430,715,'Saree',1,1,NULL,1,'FALSE','TRUE','Yes'),('SRA010143','Saree',NULL,NULL,NULL,NULL,1430,715,'Saree',1,1,NULL,1,'FALSE','TRUE','Yes'),('SRA010144','Saree',NULL,NULL,NULL,NULL,1430,715,'Saree',1,1,NULL,1,'FALSE','TRUE','Yes'),('SRA010145','Saree',NULL,NULL,NULL,NULL,1430,715,'Saree',1,1,NULL,1,'FALSE','TRUE','Yes'),('SRA010146','Saree',NULL,NULL,NULL,NULL,1430,715,'Saree',1,1,NULL,1,'FALSE','TRUE','Yes'),('SRA010147','Saree',NULL,NULL,NULL,NULL,1430,715,'Saree',1,1,NULL,1,'FALSE','TRUE','Yes'),('SRA010148','Saree',NULL,NULL,NULL,NULL,1430,715,'Saree',1,1,NULL,1,'FALSE','TRUE','Yes'),('SRA010149','Saree',NULL,NULL,NULL,NULL,1430,715,'Saree',1,1,NULL,1,'FALSE','TRUE','Yes'),('SRA010150','Saree',NULL,NULL,NULL,NULL,1090,545,'Saree',1,1,NULL,1,'FALSE','TRUE','Yes'),('SRA010151','Saree',NULL,NULL,NULL,NULL,1090,545,'Saree',1,1,NULL,1,'FALSE','TRUE','Yes'),('SRA010152','Saree',NULL,NULL,NULL,NULL,1090,545,'Saree',1,1,NULL,1,'FALSE','TRUE','Yes'),('SRA010153','Saree',NULL,NULL,NULL,NULL,1090,545,'Saree',1,1,NULL,1,'FALSE','TRUE','Yes'),('SRA010154','Saree',NULL,NULL,NULL,NULL,1090,545,'Saree',1,1,NULL,1,'FALSE','TRUE','Yes'),('SRA010155','Saree',NULL,NULL,NULL,NULL,1090,545,'Saree',1,1,NULL,1,'FALSE','TRUE','Yes'),('SRA010156','Saree',NULL,NULL,NULL,NULL,1090,545,'Saree',1,1,NULL,1,'FALSE','TRUE','Yes'),('SRA010157','Saree',NULL,NULL,NULL,NULL,1090,545,'Saree',1,1,NULL,1,'FALSE','TRUE','Yes'),('SRA010158','Saree',NULL,NULL,NULL,NULL,1090,545,'Saree',1,1,NULL,1,'FALSE','TRUE','Yes'),('SRA010159','Saree',NULL,NULL,NULL,NULL,1090,545,'Saree',1,1,NULL,1,'FALSE','TRUE','Yes'),('SRA010160','Saree',NULL,NULL,NULL,NULL,1670,835,'Saree',1,1,NULL,1,'FALSE','TRUE','Yes'),('SRA010161','Saree',NULL,NULL,NULL,NULL,1670,835,'Saree',1,1,NULL,1,'FALSE','TRUE','Yes'),('SRA010162','Saree',NULL,NULL,NULL,NULL,1670,835,'Saree',1,1,NULL,1,'FALSE','TRUE','Yes'),('SRA010163','Saree',NULL,NULL,NULL,NULL,1080,541,'Saree',1,1,NULL,1,'FALSE','TRUE','Yes'),('SRA010164','Saree',NULL,NULL,NULL,NULL,1080,541,'Saree',1,1,NULL,1,'FALSE','TRUE','Yes'),('SRA010165','Saree',NULL,NULL,NULL,NULL,1080,541,'Saree',1,1,NULL,1,'FALSE','TRUE','Yes'),('SRA010166','Saree',NULL,NULL,NULL,NULL,1080,541,'Saree',1,1,NULL,1,'FALSE','TRUE','Yes'),('SRA010167','Saree',NULL,NULL,NULL,NULL,1080,541,'Saree',1,1,NULL,1,'FALSE','TRUE','Yes'),('SRA010168','Saree',NULL,NULL,NULL,NULL,1080,541,'Saree',1,1,NULL,1,'FALSE','TRUE','Yes'),('SRA010169','Saree',NULL,NULL,NULL,NULL,1080,541,'Saree',1,1,NULL,1,'FALSE','TRUE','Yes'),('SRA010170','Saree',NULL,NULL,NULL,NULL,1080,541,'Saree',1,1,NULL,1,'FALSE','TRUE','Yes'),('SRA010171','Saree',NULL,NULL,NULL,NULL,1080,541,'Saree',1,1,NULL,1,'FALSE','TRUE','Yes'),('SRA010172','Saree',NULL,NULL,NULL,NULL,1080,541,'Saree',1,1,NULL,1,'FALSE','TRUE','Yes'),('SRA010173','Saree',NULL,NULL,NULL,NULL,1880,940,'Saree',1,1,NULL,1,'FALSE','TRUE','Yes'),('SRA010174','Saree',NULL,NULL,NULL,NULL,1880,940,'Saree',1,1,NULL,1,'FALSE','TRUE','Yes'),('SRA010175','Saree',NULL,NULL,NULL,NULL,1880,940,'Saree',1,1,NULL,1,'FALSE','TRUE','Yes'),('SRA010176','Saree',NULL,NULL,NULL,NULL,1880,940,'Saree',1,1,NULL,1,'FALSE','TRUE','Yes'),('SRA010177','Saree',NULL,NULL,NULL,NULL,1880,940,'Saree',1,1,NULL,1,'FALSE','TRUE','Yes'),('SRA010178','Saree',NULL,NULL,NULL,NULL,1590,795,'Saree',1,1,NULL,1,'FALSE','TRUE','Yes'),('SRA010179','Saree',NULL,NULL,NULL,NULL,1590,795,'Saree',1,1,NULL,1,'FALSE','TRUE','Yes'),('SRA010180','Saree',NULL,NULL,NULL,NULL,1590,795,'Saree',1,1,NULL,1,'FALSE','TRUE','Yes'),('SRA010181','Saree',NULL,NULL,NULL,NULL,1590,795,'Saree',1,1,NULL,1,'FALSE','TRUE','Yes'),('SRA010182','Saree',NULL,NULL,NULL,NULL,1590,795,'Saree',1,1,NULL,1,'FALSE','TRUE','Yes'),('SRA010183','Saree',NULL,NULL,NULL,NULL,1590,795,'Saree',1,1,NULL,1,'FALSE','TRUE','Yes'),('SRA010184','Saree',NULL,NULL,NULL,NULL,1590,795,'Saree',1,1,NULL,1,'FALSE','TRUE','Yes'),('SRA010185','Saree',NULL,NULL,NULL,NULL,1590,795,'Saree',1,1,NULL,1,'FALSE','TRUE','Yes'),('SRA010186','Saree',NULL,NULL,NULL,NULL,2710,1355,'Saree',1,1,NULL,1,'FALSE','TRUE','Yes'),('SRA010187','Saree',NULL,NULL,NULL,NULL,2710,1355,'Saree',1,1,NULL,1,'FALSE','TRUE','Yes'),('SRA010188','Saree',NULL,NULL,NULL,NULL,2490,1245,'Saree',1,1,NULL,1,'FALSE','TRUE','Yes'),('SRA010189','Saree',NULL,NULL,NULL,NULL,2490,1245,'Saree',1,1,NULL,1,'FALSE','TRUE','Yes'),('SRA010190','Saree',NULL,NULL,NULL,NULL,2450,1225,'Saree',1,1,NULL,1,'FALSE','TRUE','Yes'),('SRA010191','Saree',NULL,NULL,NULL,NULL,2450,1225,'Saree',1,1,NULL,1,'FALSE','TRUE','Yes'),('SRA010192','Saree',NULL,NULL,NULL,NULL,2450,1225,'Saree',1,1,NULL,1,'FALSE','TRUE','Yes'),('SRA010193','Saree',NULL,NULL,NULL,NULL,2450,1225,'Saree',1,1,NULL,1,'FALSE','TRUE','Yes'),('SRA010194','Saree',NULL,NULL,NULL,NULL,2450,1225,'Saree',1,1,NULL,1,'FALSE','TRUE','Yes'),('SRA010195','Saree',NULL,NULL,NULL,NULL,2450,1225,'Saree',1,1,NULL,1,'FALSE','TRUE','Yes'),('SRA010196','Saree',NULL,NULL,NULL,NULL,3390,1695,'Saree',1,1,NULL,1,'FALSE','TRUE','Yes'),('SRA010197','Saree',NULL,NULL,NULL,NULL,3390,1695,'Saree',1,1,NULL,1,'FALSE','TRUE','Yes'),('SRA010198','Saree',NULL,NULL,NULL,NULL,3390,1695,'Saree',1,1,NULL,1,'FALSE','TRUE','Yes'),('SRA010199','Saree',NULL,NULL,NULL,NULL,3390,1695,'Saree',1,1,NULL,1,'FALSE','TRUE','Yes'),('SRA010200','Saree',NULL,NULL,NULL,NULL,3390,1695,'Saree',1,1,NULL,1,'FALSE','TRUE','Yes'),('SRA010201','Saree',NULL,NULL,NULL,NULL,3390,1695,'Saree',1,1,NULL,1,'FALSE','TRUE','Yes'),('SRA010202','Saree',NULL,NULL,NULL,NULL,3390,1695,'Saree',1,1,NULL,1,'FALSE','TRUE','Yes'),('SRA010203','Saree',NULL,NULL,NULL,NULL,3390,1695,'Saree',1,1,NULL,1,'FALSE','TRUE','Yes'),('SRA010204','Saree',NULL,NULL,NULL,NULL,2070,1035,'Saree',1,1,NULL,1,'FALSE','TRUE','Yes'),('SRA010205','Saree',NULL,NULL,NULL,NULL,2070,1035,'Saree',1,1,NULL,1,'FALSE','TRUE','Yes'),('SRA010206','Saree',NULL,NULL,NULL,NULL,2070,1035,'Saree',1,1,NULL,1,'FALSE','TRUE','Yes'),('SRA010207','Saree',NULL,NULL,NULL,NULL,2070,1035,'Saree',1,1,NULL,1,'FALSE','TRUE','Yes'),('SRA010208','Saree',NULL,NULL,NULL,NULL,3190,1595,'Saree',1,1,NULL,1,'FALSE','TRUE','Yes'),('SRA010209','Saree',NULL,NULL,NULL,NULL,2650,1325,'Saree',1,1,NULL,1,'FALSE','TRUE','Yes'),('SRA010210','Saree',NULL,NULL,NULL,NULL,2650,1325,'Saree',1,1,NULL,1,'FALSE','TRUE','Yes'),('SRA010211','Saree',NULL,NULL,NULL,NULL,2650,1325,'Saree',1,1,NULL,1,'FALSE','TRUE','Yes'),('SRA010212','Saree',NULL,NULL,NULL,NULL,2550,1275,'Saree',1,1,NULL,1,'FALSE','TRUE','Yes'),('SRA010213','Saree',NULL,NULL,NULL,NULL,2550,1275,'Saree',1,1,NULL,1,'FALSE','TRUE','Yes'),('SRA010214','Saree',NULL,NULL,NULL,NULL,2750,1375,'Saree',1,1,NULL,1,'FALSE','TRUE','Yes'),('SRA010215','Saree',NULL,NULL,NULL,NULL,2750,1375,'Saree',1,1,NULL,1,'FALSE','TRUE','Yes'),('SRA010216','Saree',NULL,NULL,NULL,NULL,2150,1075,'Saree',1,1,NULL,1,'FALSE','TRUE','Yes'),('SRA010217','Saree',NULL,NULL,NULL,NULL,2150,1075,'Saree',1,1,NULL,1,'FALSE','TRUE','Yes'),('SRA010218','Saree',NULL,NULL,NULL,NULL,2750,1375,'Saree',1,1,NULL,1,'FALSE','TRUE','Yes'),('SRA010219','Saree',NULL,NULL,NULL,NULL,2750,1375,'Saree',1,1,NULL,1,'FALSE','TRUE','Yes'),('SRA010220','Saree',NULL,NULL,NULL,NULL,2790,1395,'Saree',1,1,NULL,1,'FALSE','TRUE','Yes'),('SRA010221','Saree',NULL,NULL,NULL,NULL,2790,1395,'Saree',1,1,NULL,1,'FALSE','TRUE','Yes'),('SRA010222','Saree',NULL,NULL,NULL,NULL,2790,1395,'Saree',1,1,NULL,1,'FALSE','TRUE','Yes'),('SRA010223','Saree',NULL,NULL,NULL,NULL,1950,975,'Saree',1,1,NULL,1,'FALSE','TRUE','Yes'),('SRA010224','Saree',NULL,NULL,NULL,NULL,1950,975,'Saree',1,1,NULL,1,'FALSE','TRUE','Yes'),('SRA010225','Saree',NULL,NULL,NULL,NULL,2630,1315,'Saree',1,1,NULL,1,'FALSE','TRUE','Yes'),('SRA010226','Saree',NULL,NULL,NULL,NULL,2630,1315,'Saree',1,1,NULL,1,'FALSE','TRUE','Yes'),('SRA010227','Saree',NULL,NULL,NULL,NULL,2630,1315,'Saree',1,1,NULL,1,'FALSE','TRUE','Yes'),('SRA010228','Saree',NULL,NULL,NULL,NULL,2630,1315,'Saree',1,1,NULL,1,'FALSE','TRUE','Yes'),('SRA010229','Saree',NULL,NULL,NULL,NULL,2450,1225,'Saree',1,1,NULL,1,'FALSE','TRUE','Yes'),('SRA010230','Saree',NULL,NULL,NULL,NULL,2450,1225,'Saree',1,1,NULL,1,'FALSE','TRUE','Yes'),('SRA010231','Saree',NULL,NULL,NULL,NULL,2450,1225,'Saree',1,1,NULL,1,'FALSE','TRUE','Yes'),('SRA010232','Saree',NULL,NULL,NULL,NULL,2450,1225,'Saree',1,1,NULL,1,'FALSE','TRUE','Yes'),('SRA010233','Saree',NULL,NULL,NULL,NULL,2450,1225,'Saree',1,1,NULL,1,'FALSE','TRUE','Yes'),('SRA010234','Saree',NULL,NULL,NULL,NULL,2450,1225,'Saree',1,1,NULL,1,'FALSE','TRUE','Yes'),('SRA010235','Saree',NULL,NULL,NULL,NULL,2790,1395,'Saree',1,1,NULL,1,'FALSE','TRUE','Yes'),('SRA010236','Saree',NULL,NULL,NULL,NULL,1990,995,'Saree',1,1,NULL,1,'FALSE','TRUE','Yes'),('SRA010237','Saree',NULL,NULL,NULL,NULL,1990,995,'Saree',1,1,NULL,1,'FALSE','TRUE','Yes'),('SRA010238','Saree',NULL,NULL,NULL,NULL,2650,1325,'Saree',1,1,NULL,1,'FALSE','TRUE','Yes'),('SRA010239','Saree',NULL,NULL,NULL,NULL,4040,2018.25,'Saree',1,1,NULL,1,'FALSE','TRUE','Yes'),('SRA010240','Saree',NULL,NULL,NULL,NULL,3790,1895,'Saree',1,1,NULL,1,'FALSE','TRUE','Yes'),('SRA010241','Saree',NULL,NULL,NULL,NULL,3790,1895,'Saree',1,1,NULL,1,'FALSE','TRUE','Yes'),('SRA010242','Saree',NULL,NULL,NULL,NULL,5590,2795,'Saree',1,1,NULL,1,'FALSE','TRUE','Yes'),('SRA010243','Saree',NULL,NULL,NULL,NULL,5590,2795,'Saree',1,1,NULL,1,'FALSE','TRUE','Yes'),('SRA010244','Saree',NULL,NULL,NULL,NULL,4290,2145.25,'Saree',1,1,NULL,1,'FALSE','TRUE','Yes'),('SRA010245','Saree',NULL,NULL,NULL,NULL,4040,2018.75,'Saree',1,1,NULL,1,'FALSE','TRUE','Yes'),('SRA010246','Saree',NULL,NULL,NULL,NULL,4550,2275.25,'Saree',1,1,NULL,1,'FALSE','TRUE','Yes'),('SRA010247','Saree',NULL,NULL,NULL,NULL,3940,1971.25,'Saree',1,1,NULL,1,'FALSE','TRUE','Yes'),('SRA010248','Saree',NULL,NULL,NULL,NULL,3890,1942.75,'Saree',1,1,NULL,1,'FALSE','TRUE','Yes'),('SRA010249','Saree',NULL,NULL,NULL,NULL,3890,1942.75,'Saree',1,1,NULL,1,'FALSE','TRUE','Yes'),('SRA010250','Saree',NULL,NULL,NULL,NULL,940,471.66,'Saree',1,1,NULL,1,'FALSE','TRUE','Yes'),('SRA010251','Saree',NULL,NULL,NULL,NULL,940,471.66,'Saree',1,1,NULL,1,'FALSE','TRUE','Yes'),('SRA010252','Saree',NULL,NULL,NULL,NULL,940,471.66,'Saree',1,1,NULL,1,'FALSE','TRUE','Yes'),('SRA010253','Saree',NULL,NULL,NULL,NULL,940,471.66,'Saree',1,1,NULL,1,'FALSE','TRUE','Yes'),('SRA010254','Saree',NULL,NULL,NULL,NULL,940,471.66,'Saree',1,1,NULL,1,'FALSE','TRUE','Yes'),('SRA010255','Saree',NULL,NULL,NULL,NULL,940,471.66,'Saree',1,1,NULL,1,'FALSE','TRUE','Yes'),('SRA010256','Saree',NULL,NULL,NULL,NULL,940,471.66,'Saree',1,1,NULL,1,'FALSE','TRUE','Yes'),('SRA010257','Saree',NULL,NULL,NULL,NULL,940,471.66,'Saree',1,1,NULL,1,'FALSE','TRUE','Yes'),('SRA010258','Saree',NULL,NULL,NULL,NULL,940,471.66,'Saree',1,1,NULL,1,'FALSE','TRUE','Yes'),('SRA010259','Saree',NULL,NULL,NULL,NULL,940,471.66,'Saree',1,1,NULL,1,'FALSE','TRUE','Yes'),('SRA010260','Saree',NULL,NULL,NULL,NULL,940,471.66,'Saree',1,1,NULL,1,'FALSE','TRUE','Yes'),('SRA010261','Saree',NULL,NULL,NULL,NULL,940,471.66,'Saree',1,1,NULL,1,'FALSE','TRUE','Yes'),('SRA010262','Saree',NULL,NULL,NULL,NULL,940,471.66,'Saree',1,1,NULL,1,'FALSE','TRUE','Yes'),('SRA010263','Saree',NULL,NULL,NULL,NULL,940,471.66,'Saree',1,1,NULL,1,'FALSE','TRUE','Yes'),('SRA010264','Saree',NULL,NULL,NULL,NULL,940,471.66,'Saree',1,1,NULL,1,'FALSE','TRUE','Yes'),('SRA010265','Saree',NULL,NULL,NULL,NULL,940,471.66,'Saree',1,1,NULL,1,'FALSE','TRUE','Yes'),('SRA010266','Saree',NULL,NULL,NULL,NULL,940,471.66,'Saree',1,1,NULL,1,'FALSE','TRUE','Yes'),('SRA010267','Saree',NULL,NULL,NULL,NULL,940,471.66,'Saree',1,1,NULL,1,'FALSE','TRUE','Yes'),('SRA010268','Saree',NULL,NULL,NULL,NULL,940,471.66,'Saree',1,1,NULL,1,'FALSE','TRUE','Yes'),('SRA010269','Saree',NULL,NULL,NULL,NULL,940,471.66,'Saree',1,1,NULL,1,'FALSE','TRUE','Yes'),('SRA010270','Saree',NULL,NULL,NULL,NULL,940,471.66,'Saree',1,1,NULL,1,'FALSE','TRUE','Yes'),('SRC010001','Saree',NULL,NULL,NULL,NULL,1760,975,'Saree',1,1,NULL,1,'FALSE','TRUE','Yes'),('SRC010002','Saree',NULL,NULL,NULL,NULL,1760,975,'Saree',1,1,NULL,1,'FALSE','TRUE','Yes'),('SRC010003','Saree',NULL,NULL,NULL,NULL,1760,975,'Saree',1,1,NULL,1,'FALSE','TRUE','Yes'),('SRC010004','Saree',NULL,NULL,NULL,NULL,2430,1350,'Saree',1,1,NULL,1,'FALSE','TRUE','Yes'),('SRC010005','Saree',NULL,NULL,NULL,NULL,3380,1875,'Saree',1,1,NULL,1,'FALSE','TRUE','Yes'),('SRC010006','Saree',NULL,NULL,NULL,NULL,3780,2100,'Saree',1,1,NULL,1,'FALSE','TRUE','Yes'),('SRC010007','Saree',NULL,NULL,NULL,NULL,3780,2100,'Saree',1,1,NULL,1,'FALSE','TRUE','Yes'),('SRC010008','Saree',NULL,NULL,NULL,NULL,3780,2100,'Saree',1,1,NULL,1,'FALSE','TRUE','Yes'),('SRC010009','Saree',NULL,NULL,NULL,NULL,3780,2100,'Saree',1,1,NULL,1,'FALSE','TRUE','Yes'),('SRC010010','Saree',NULL,NULL,NULL,NULL,3780,2100,'Saree',1,1,NULL,1,'FALSE','TRUE','Yes'),('SRC010011','Saree',NULL,NULL,NULL,NULL,3780,2100,'Saree',1,1,NULL,1,'FALSE','TRUE','Yes'),('SRC010012','Saree',NULL,NULL,NULL,NULL,4050,2250,'Saree',1,1,NULL,1,'FALSE','TRUE','Yes'),('SRC010013','Saree',NULL,NULL,NULL,NULL,4050,2250,'Saree',1,1,NULL,1,'FALSE','TRUE','Yes'),('SRC010014','Saree',NULL,NULL,NULL,NULL,4190,2325,'Saree',1,1,NULL,1,'FALSE','TRUE','Yes'),('SRC010015','Saree',NULL,NULL,NULL,NULL,4460,2475,'Saree',1,1,NULL,1,'FALSE','TRUE','Yes'),('SRC010016','Saree',NULL,NULL,NULL,NULL,4640,2575,'Saree',1,1,NULL,1,'FALSE','TRUE','Yes'),('SRC010017','Saree',NULL,NULL,NULL,NULL,4640,2575,'Saree',1,1,NULL,1,'FALSE','TRUE','Yes'),('SRC010018','Saree',NULL,NULL,NULL,NULL,3650,2025,'Saree',1,1,NULL,1,'FALSE','TRUE','Yes'),('SRC010019','Saree',NULL,NULL,NULL,NULL,4640,2575,'Saree',1,1,NULL,1,'FALSE','TRUE','Yes'),('SRC010020','Saree',NULL,NULL,NULL,NULL,4640,2575,'Saree',1,1,NULL,1,'FALSE','TRUE','Yes'),('SRC010021','Saree',NULL,NULL,NULL,NULL,5540,3075,'Saree',1,1,NULL,1,'FALSE','TRUE','Yes'),('SRC010022','Saree',NULL,NULL,NULL,NULL,5540,3075,'Saree',1,1,NULL,1,'FALSE','TRUE','Yes'),('SRC010023','Saree',NULL,NULL,NULL,NULL,6300,3500,'Saree',1,1,NULL,1,'FALSE','TRUE','Yes'),('SRC010024','Saree',NULL,NULL,NULL,NULL,6300,3500,'Saree',1,1,NULL,1,'FALSE','TRUE','Yes'),('SRC010025','Saree',NULL,NULL,NULL,NULL,6390,3550,'Saree',1,1,NULL,1,'FALSE','TRUE','Yes'),('SRC010026','Saree',NULL,NULL,NULL,NULL,6390,3550,'Saree',1,1,NULL,1,'FALSE','TRUE','Yes'),('SRC010027','Saree',NULL,NULL,NULL,NULL,950,525,'Saree',1,1,NULL,1,'FALSE','TRUE','Yes'),('SRC010028','Saree',NULL,NULL,NULL,NULL,950,525,'Saree',1,1,NULL,1,'FALSE','TRUE','Yes'),('SRC010029','Saree',NULL,NULL,NULL,NULL,950,525,'Saree',1,1,NULL,1,'FALSE','TRUE','Yes'),('SRC010030','Saree',NULL,NULL,NULL,NULL,950,525,'Saree',1,1,NULL,1,'FALSE','TRUE','Yes'),('SRC010031','Saree',NULL,NULL,NULL,NULL,950,525,'Saree',1,1,NULL,1,'FALSE','TRUE','Yes'),('SRC010032','Saree',NULL,NULL,NULL,NULL,950,525,'Saree',1,1,NULL,1,'FALSE','TRUE','Yes'),('SRC010033','Saree',NULL,NULL,NULL,NULL,810,450,'Saree',1,1,NULL,1,'FALSE','TRUE','Yes'),('SRC010034','Saree',NULL,NULL,NULL,NULL,810,450,'Saree',1,1,NULL,1,'FALSE','TRUE','Yes'),('SRC010035','Saree',NULL,NULL,NULL,NULL,2480,1375,'Saree',1,1,NULL,1,'FALSE','TRUE','Yes'),('SRC010036','Saree',NULL,NULL,NULL,NULL,2480,1375,'Saree',1,1,NULL,1,'FALSE','TRUE','Yes'),('SRC010037','Saree',NULL,NULL,NULL,NULL,2480,1375,'Saree',1,1,NULL,1,'FALSE','TRUE','Yes'),('SRC010038','Saree',NULL,NULL,NULL,NULL,2480,1375,'Saree',1,1,NULL,1,'FALSE','TRUE','Yes'),('SRC010039','Saree',NULL,NULL,NULL,NULL,2330,1295,'Saree',1,1,NULL,1,'FALSE','TRUE','Yes'),('SRC010040','Saree',NULL,NULL,NULL,NULL,2330,1295,'Saree',1,1,NULL,1,'FALSE','TRUE','Yes'),('SRC010041','Saree',NULL,NULL,NULL,NULL,2330,1295,'Saree',1,1,NULL,1,'FALSE','TRUE','Yes'),('SRC010042','Saree',NULL,NULL,NULL,NULL,1760,975,'Saree',1,1,NULL,1,'FALSE','TRUE','Yes'),('SRC010043','Saree',NULL,NULL,NULL,NULL,1760,975,'Saree',1,1,NULL,1,'FALSE','TRUE','Yes'),('SRC010044','Saree',NULL,NULL,NULL,NULL,1760,975,'Saree',1,1,NULL,1,'FALSE','TRUE','Yes'),('SRD010045','Saree',NULL,NULL,NULL,NULL,2130,1250,'Saree',1,1,NULL,1,'FALSE','TRUE','Yes'),('SRD010046','Saree',NULL,NULL,NULL,NULL,1190,700,'Saree',1,1,NULL,1,'FALSE','TRUE','Yes'),('SRD010047','Saree',NULL,NULL,NULL,NULL,600,350,'Saree',1,1,NULL,1,'FALSE','TRUE','Yes'),('SRD010048','Saree',NULL,NULL,NULL,NULL,680,400,'Saree',1,1,NULL,1,'FALSE','TRUE','Yes'),('SRD010049','Saree',NULL,NULL,NULL,NULL,340,200,'Saree',1,1,NULL,1,'FALSE','TRUE','Yes'),('SRD010050','Saree',NULL,NULL,NULL,NULL,2040,1200,'Saree',1,1,NULL,1,'FALSE','TRUE','Yes'),('SRD010051','Saree',NULL,NULL,NULL,NULL,1790,1050,'Saree',1,1,NULL,1,'FALSE','TRUE','Yes'),('SRD010052','Saree',NULL,NULL,NULL,NULL,1530,900,'Saree',1,1,NULL,1,'FALSE','TRUE','Yes'),('SRD010053','Saree',NULL,NULL,NULL,NULL,3400,2000,'Saree',1,1,NULL,1,'FALSE','TRUE','Yes'),('SRD010054','Saree',NULL,NULL,NULL,NULL,1790,1050,'Saree',1,1,NULL,1,'FALSE','TRUE','Yes'),('SRD010055','Saree',NULL,NULL,NULL,NULL,1790,1050,'Saree',1,1,NULL,1,'FALSE','TRUE','Yes'),('SRD010056','Saree',NULL,NULL,NULL,NULL,1790,1050,'Saree',1,1,NULL,1,'FALSE','TRUE','Yes'),('SRD010057','Saree',NULL,NULL,NULL,NULL,680,400,'Saree',1,1,NULL,1,'FALSE','TRUE','Yes'),('SRD010058','Saree',NULL,NULL,NULL,NULL,680,400,'Saree',1,1,NULL,1,'FALSE','TRUE','Yes'),('SRD010059','Saree',NULL,NULL,NULL,NULL,680,400,'Saree',1,1,NULL,1,'FALSE','TRUE','Yes'),('SRD010060','Saree',NULL,NULL,NULL,NULL,1790,1050,'Saree',1,1,NULL,1,'FALSE','TRUE','Yes'),('SRD010061','Saree',NULL,NULL,NULL,NULL,1020,600,'Saree',1,1,NULL,1,'FALSE','TRUE','Yes'),('SRD010062','Saree',NULL,NULL,NULL,NULL,680,400,'Saree',1,1,NULL,1,'FALSE','TRUE','Yes'),('SRD010063','Saree',NULL,NULL,NULL,NULL,850,500,'Saree',1,1,NULL,1,'FALSE','TRUE','Yes');
/*!40000 ALTER TABLE `product` ENABLE KEYS */;
UNLOCK TABLES;

--
-- Table structure for table `purchasedetails`
--

DROP TABLE IF EXISTS `purchasedetails`;
/*!40101 SET @saved_cs_client     = @@character_set_client */;
/*!40101 SET character_set_client = utf8 */;
CREATE TABLE `purchasedetails` (
  `billId` int(11) NOT NULL,
  `dealerId` int(11) NOT NULL,
  `purchaseDate` date NOT NULL,
  `itemQty` int(11) NOT NULL,
  `billAmt` float NOT NULL,
  `shipAmt` float NOT NULL,
  `taxAmt` float NOT NULL,
  `trackingId` varchar(30) DEFAULT NULL,
  `shipDate` date DEFAULT NULL,
  `receivedDate` date DEFAULT NULL,
  PRIMARY KEY (`billId`,`dealerId`)
) ENGINE=InnoDB DEFAULT CHARSET=utf8;
/*!40101 SET character_set_client = @saved_cs_client */;

--
-- Dumping data for table `purchasedetails`
--

LOCK TABLES `purchasedetails` WRITE;
/*!40000 ALTER TABLE `purchasedetails` DISABLE KEYS */;
INSERT  IGNORE INTO `purchasedetails` VALUES (1,1,'2021-01-12',22,12300,120,100,'1234','2021-01-14','2021-01-20');
/*!40000 ALTER TABLE `purchasedetails` ENABLE KEYS */;
UNLOCK TABLES;
/*!40103 SET TIME_ZONE=@OLD_TIME_ZONE */;

/*!40101 SET SQL_MODE=@OLD_SQL_MODE */;
/*!40014 SET FOREIGN_KEY_CHECKS=@OLD_FOREIGN_KEY_CHECKS */;
/*!40014 SET UNIQUE_CHECKS=@OLD_UNIQUE_CHECKS */;
/*!40101 SET CHARACTER_SET_CLIENT=@OLD_CHARACTER_SET_CLIENT */;
/*!40101 SET CHARACTER_SET_RESULTS=@OLD_CHARACTER_SET_RESULTS */;
/*!40101 SET COLLATION_CONNECTION=@OLD_COLLATION_CONNECTION */;
/*!40111 SET SQL_NOTES=@OLD_SQL_NOTES */;

-- Dump completed on 2021-03-04 12:13:01
